STBA,Paragraph,Section,Lemma,Lemma_Witnesses,Lemma_Sources,Lemma_Annotations,Reading_1,Reading_1_Witnesses,Reading_1_Sources,Reading_1_Annotations,Reading_2,Reading_2_Witnesses,Reading_2_Sources,Reading_2_Annotations,Reading_3,Reading_3_Witnesses,Reading_3_Sources,Reading_3_Annotations,Reading_4,Reading_4_Witnesses,Reading_4_Sources,Reading_4_Annotations,Reading_5,Reading_5_Witnesses,Reading_5_Sources,Reading_5_Annotations,Reading_6,Reading_6_Witnesses,Reading_6_Sources,Reading_6_Annotations,Reading_7,Reading_7_Witnesses,Reading_7_Sources,Reading_7_Annotations,General_Comment,Omissions,Complications
,1,2,cotidie operibus,U S T V,,,cotidie,M,,(cf. BC 3.112.9),nouis cotidie operibus,,Castiglioni,(cf. Tac. Hist. 2.76.4),,,,,,,,,,,,,,,,,,,,,,omission in M,
,1,2,aptantur,M U S T V,,(u. BC 3.112.7-9 et cf. Virg. Aen. 3.472),temptantur,,Nipperdey,(cf. BC 3.40.1),,,,,,,,,,,,,,,,,,,,,,,,,alii alia (u. Gaertner-Hausburg 48 n.87),,
,1,2,per foramina,M U,,,foramina,S T V,,", quos secutus foramina seclusit Vielhaber ut glossema",,,,,,,,,,,,,,,,,,,,,,,,,,omission in S T V,
,1,2,in2,M U S T V,,,[in],,Schneider,coll. Hirt. 8.27.4,,,,,,,,,,,,,,,,,,,,,,,,,,,superscript in lemma
,1,3,<ab> incendio,,Müller,(cf. 61.3),incendio,M U S T V,,,,,,,,,,,,,,,,,,,,,,,,,,,,omission in M U S T V,
,1,3,et structuris,U S T V,,,structuris,M,,,,,,,,,,,,,,,,,,,,,,,,,,,,omission in M,
,1,3,ac2,M T V,,,et ,U,,,a,S,,,,,,,,,,,,,,,,,,,,,,,,,superscript in lemma
,1,5,expectans,M U S T V,,(cf. BC 3.43.3 et u. Damon 116 n.32),spectans,,Vascosanus,"(cf. BC 3.85.2)
",,,,,,,,,,,,,,,,,,,,,,,,,,,
,1,5,urbs,U,,,ubrs,M,,,urbis,S T V,,non male (cf. BG 6.43.4 et u. TLL 5.1.1596-1597.25),,,,,,,,,,,,,,,,,,,,,,,
,1,5,"alterius rei copiam exiguam, alterius",M U T V,,,alterius,S,,", qui uerba 4 omisit",,,,,,,,,,,,,,,,,,,,,,,,,,omission in S (uerba 4),
,2,1,miserant magnumque numerum in oppidum telorum atque tormentorum conuexerant et innumerabilem multitudinem adduxerant,M U T V,,,miserant,S,,", qui uerba 12 omisit",,,,,,,,,,,,,,,,,,,,,,,,,,omission in S (uerba 12),
,2,1,multitudinem <armatorum>,,Fischer,(cf. 30.2 de militibus Alexandrinis),multitudinem,M U S T V,,,<militum> multitudinem,,Dauisius,1727 (cf. 21.3 etc.),,,,,,,,,,,,,,,,,,,,,,omission in M U S T V,
,2,3,hac,U T V,,,hac,M,,,ha,S,,,,,,,,,,,,,,,,,,,,,,,,,
,2,3,semotarum,Mmr,,,semotorum,M U S T V,,,,,,,,,,,,,,,,,,,,,,,,,,,,,
,2,3,uacuas in celeberrimis urbis locis,U S T V,,,uacuas,M,,", qui uerba 4 omisit",,,,,,,,,,,,,,,,,,,,,,,,,,omission in M (uerba 4),
◊,2,5,confixerant,M U S T V,,(cf. BG 3.13.4),confecerant,ς,,teste Oudendorp (cf. 13.4),confinxerant,,Dauisius,1706 coll. Plin. Nat. 10.93,,,,,,,,,,,,,,,,,,,,,an contexerant (cf. BC 2.10.5)?,,
,2,5,†obiectis†,,scripsimus,,obiectis,M U S T V,,,[obiectis],,Scaliger,(cf. Prop. 4.11.51),subiunctis,,Cornelissen,coll. Col. 6.2.8,adiectis,,Castiglioni,(cf. 28.3),obtectis,,Klotz,dubitanter (cf. BC 3.19.7),,,,,,,,,nisi mauis iunctis (cf. Vitr. 10.2.14) uel adiunctis (cf. Gel. 20.1.28),,this lemma overlaps with the preceding one
,3,1,ingeniosi,M U S T V,,,ingeniosissimi,,Wölfflin,teste Klotz,,,,,,,,,,,,,,,,,,,,,,,,,,,
,3,1,nobis,M U S T V,,(cf. 19.6),nostris,,Nipperdey,,,,,,,,,,,,,,,,,,,,,,,,,,,,
,3,2,eius,M U S T V,,", quod suspicatur Larsen ('expectes certe illius')",,,,,,,,,,,,,,,,,,,,,,,,,,,,,,,
,3,3,ante A. Gabinium,,Schneider,,antea gabinium uel ante agabinium,M U S Tc Vac,,,ante gabinium ,Tac Vc,,,,,,,,,,,,,,,,,,,,,,,,,
,4,1,"praeoccupat Arsinoe per Ganymeden eunuchum, nutricium suum, atque Achillan",M U S T V,,(de usu absoluto u. TLL 10.2.743.7-20),"praeoccupat Arsinoe per Ganymeden eunuchum, nutricium suum, atque Achillan",,Fleischer,1879,,,,,,,,,,,,,,,,,,,,,,,,,,,
,4,1,interficit,U S V,,,interfecit,M T,,,,,,,,,,,,,,,,,,,,,,,,,,,,,
,4,2,is,M U V,,,his,T,,,hic,S,,,,,,,,,,,,,,,,,,,,,,,,,
,4,2,militem,S T V,,(cf. Cic. Man. 39),milites,M U,,(cf. BC 3.112.11),,,,,,,,,,,,,,,,,,,,,,,,,,,
,4,2,reliqua,M S,,(cf. BC 2.39.2 etc.),et reliqua,U T V,,,,,,,,,,,,,,,,,,,,,,,,,,,,,
,5,1,s(u/o)ffossa,Uc S T V,,,soffosa,Uac,,ut uidetur,fossossa,Mac,,,fossosa,Mc,,,,,,,,,,,,,,,,,,,,,
,5,1,ad Nilum,M U,,"(cf. 14.5 et BG 1.1.6 etc., u. TLL 10.1.1809.73-1810.38)",a Nilo,S T V,,,,,,,,,,,,,,,,,,,,,,,,,,,,,
,5,1,spatio temporis,M U S T V,,,[spatio temporis],,Landgraf,1891a ut glossema de 6.3 sumptum,,,,,,,,,,,,,,,,,,,,,,,,,,,
,5,2,tamen,M U S T V,,", quod suspicatur Larsen ('fortasse ortum est dittographia ex flumen')",,,,,,,,,,,,,,,,,,,,,,,,,,,,,,,
,5,3,munitionum,M U S,,,munitionem,T,,,muni,V,,,,,,,,,,,,,,,,,,,,,,,,,
,6,1,hanc locis,M U S T V,,(cf. Hirt. 8.9.1 et Virg. Aen. 7.792),hanc <e> (uel <ex>) locis,,Larsen,fortasse recte (cf. BG 4.23.3 et Var. LL 5.118),,,,,,,,,,,,,,,,,,,,,,,,,,,
,6,1,intermittebat,M U S T V,,(cf. 37.1),intermittebant (sc. Alexandrini),M,,non male (cf. BAfr 26.6 et u. ad 10.2),,,,,,,,,,,,,,,,,,,,,,,,,,,
,7,1,casum periculi,M U S T V,,(cf. Hirt. 8.34.1 et u. TLL 3.582.56-71),casum,ς,,teste Oudendorp (cf. BG 3.5.1),,,,,,,,,,,,,,,,,,,,,,,,,nisi mauis casum secludere (cf. Liu. 21.34.8 et u. infra),,
,7,1,morari Caesarem,M U S T V,,(cf. BAfr 26.4),<non> morari Caesarem,,Landgraf,1888 coll. 55.2 sensu repugnante,morari Caesarem <rem>,,Siesbye,teste Larsen coll. Liu. 40.40.4,,,,,,,,,,,,,,,,,,,,,,,
,7,1,iuberet,M U,,,iuberent,S T V,,,,,,,,,,,,,,,,,,,,,,,,,,,,,
,7,1,grauius extimescerent casum,M U S T V,,(cf. Cic. Att. 4.3.5),grauiorem extimescerent casum,,Aldus,(cf. Cic. Ph. 1.13),grauius extimescerent [casum],,Haupt,teste Nipperdey (cf. BG 1.16.6 et u. supra),grauius extimescerent casurum,,Kraffert,coll. 11.2,,,,,,,,,,,,,,,,,,,
,7,1,Alexandrini,S T V,,,Alexandrinis,M U,,,,,,,,,,,,,,,,,,,,,,,,,,,,,
,7,1,possent,M U V,,,possint,S T,,,,,,,,,,,,,,,,,,,,,,,,,,,,,
,7,1,apparanda,M U S,,,apparenda,T V,,,,,,,,,,,,,,,,,,,,,,,,,,,,,
,7,1,illis,M U,,,illi,S T V,,,,,,,,,,,,,,,,,,,,,,,,,,,,,
◊,7,2,domiciliis,S,,,domicilius,V,,et MT per compendia,domicius,U,,per compendium,,,,,,,,,,,,,,,,,,,,,,,
,7,2,ut mihi defendendi essent Alexandrini neque fallaces esse neque temerarii multaque oratio frustra absumeretur cum uero uno tempore et natio eorum et natura cognoscatur aptissimum essent hoc genus ad proditionem dubitare nemo potest,M U S T V,,", quod defendit Madvig ('... neque quemadmodum addere in mentem cuiquam venerit intelligere possum')",[ut mihi defendendi essent Alexandrini neque fallaces esse neque temerarii multaque oratio frustra absumeretur cum uero uno tempore et natio eorum et natura cognoscatur aptissimum essent hoc genus ad proditionem dubitare nemo potest],,Gruterus,ut glossema teste Oudendorp,,,,,,,,,,,,,,,,,,,,,,,,,,,
,7,2,ut mihi,M U S T V,,,at mihi <si>,,Madvig,,ut mihi <si>,,Klotz,,,,,,,,,,,,,,,,,,,,,,,,this and the following lemmata overlap with the long preceding lemma
,7,2,neque1,M U S T V,,,<quod> neque,ed.pr.,,(cf. Liu. 42.41.13),,,,,,,,,,,,,,,,,,,,,,,,,,,superscript in lemma
,7,2,esse,,Nipperdey,,essent,M U S T V,,,,,,,,,,,,,,,,,,,,,,,,,,,,,
,7,2,multaque,M U S T V,,,multa,"ed.pr.
",,,,,,,,,,,,,,,,,,,,,,,,,,,,,
,8,1,ratione,M U S T V,,,hortatione,,Schneider,coll. BG 5.4.2 (u. et 9.1),,,,,,,,,,,,,,,,,,,,,,,,,,,
,8,2,prohiberi,ς,,teste Dübner,prohibere,M U S T V,,,,,,,,,,,,,,,,,,,,,,,,,,,,,
,8,2,posse,ed.pr.,,,possent,M U S T V,,,,,,,,,,,,,,,,,,,,,,,,,,,,,
,8,2,peterent,M U,,,petere,S T V,,,,,,,,,,,,,,,,,,,,,,,,,,,,,
,8,2,Paratonio,M U S T V,,,Paraetonio,,Beroaldus,fortasse recte (u. Gaertner-Hausburg 78-79 n.16),promunturio (sc. Chersonenso),,Schiller,1883 coll. 10.2,,,,,,,,,,,,,,,,,,,,,,,
,8,2,uel2,M U S T V,,,uel a,ς,,teste Andrieu (cf. 74.1),,,,,,,,,,,,,,,,,,,,,,,,,,,superscript in lemma
,8,3,iis qui,M U S T V,,,iis,T V,,,,,,,,,,,,,,,,,,,,,,,,,,,,omission in T V,
,8,4,aduersos (sc. impetus) ex munitionibus sustineri,M U T V,,(cf. 45.2),aduersos (sc. nostros) ex munitionibus sustinere,S,,fortasse recte (cf. 20.5),,,,,,,,,,,,,,,,,,,,,,,,,,,
,8,6,praecursuros et loca excelsiora atque aedificia occupaturos,U S T V,,,praecursuros,M,,", qui uerba 6 omisit
",,,,,,,,,,,,,,,,,,,,,,,,,,omission in M (uerba 6),
,8,6,fuga,M S,,,fugam,U V,,,tamen fugam,T,,,,,,,,,,,,,,,,,,,,,,,,,
,9,3,dediticiis,Uc S V,,et Mmr,dedi(c/t)iis,M Uac T,,,,,,,,,,,,,,,,,,,,,,,,,,,,,
,9,4,hae,U T V,,,heae,M,,,haec,S,,", quod defendit Landgraf 1891a",,,,,,,,,,,,,,,,,,,,,,,
,10,1,nudare,M S T V,,,nudari,U,,non male (cf. BG 2.23.4),,,,,,,,,,,,,,,,,,,,,,,,,,,
,10,2,accessissent (sc. nostri) ,M U S T V,,(cf. BG 7.78.4 et u. ad 6.1),accessisset,,Aldus,et hic et infra fortasse recte,,,,,,,,,,,,,,,,,,,,,,,,,,,
,10,2,exposuissent,M U S T V,,,exposuisset,,Aldus,,,,,,,,,,,,,,,,,,,,,,,,,,,,
,10,4,occurrerunt,M U,,,occurrerant,S T V,,,,,,,,,,,,,,,,,,,,,,,,,,,,,
,10,5,habebat et,M U,,,habebat,S T V,,,,,,,,,,,,,,,,,,,,,,,,,,,,omission in S T V,
,10,5,quod2,M U S,,,quo,T V,,,,,,,,,,,,,,,,,,,,,,,,,,,,,superscript in lemma
,10,6,successuros,Mc U S,,,successoros,Mac,,,succens(u/o)res,Tc V,,,succensuros,Tac,,,,,,,,,,,,,,,,,,,,,
,10,6,existimabat,U T,,,estimabat,M V,,,exstimabat,S,,,,,,,,,,,,,,,,,,,,,,,,,
,11,1,tenuerunt,M,,,tenurunt,U,,,terunt,S T,,,terter,V,,,,,,,,,,,,,,,,,,,,,
,11,2,turpem,M U,,,turpe,S T,,,turpiter,V,,,,,,,,,,,,,,,,,,,,,,,,,
,11,2,conspectu <suorum>,,Khan,"(cf. de re BC 1.71.1, de locutione Sen. Dial. 2.11.2)",conspectu hostium,M,,(cf. BG 1.51.1),conspectu,U S T V,,(cf. BC 2.26.2),,,,,,,,,,,,,,,,,,,,,an conspectu <omnium> (cf. BG 7.80.5)?,omission in U S T V,
,11,3,contentione Rhodiorum,,scripsimus,(cf. BC 1.1.1),contentio nerhodiorum,S,,,contentio r(h)odiorum,M U T V,,,,,,,,,,,,,,,,,,,,,,,,,
,11,4,"altera, duae",,Turnebus,"(cf. 16.6, 47.2)",altera deinde,M U T V,,,alteraque peritur deinde,Sc,,,alteraque pertur deinde,Sac,,,altera dein duae,,Dauisius,1706,altera apertae undecim,,Kübler,dubitanter (u. 11.1),,,,,,,,,,,
,11,4,magna,M U S,,,magnae,T V,,,,,,,,,,,,,,,,,,,,,,,,,,,,,
,11,6,suis nauibus,M U T V,,,suis,S,,non male (cf. Liu. 37.24.6),,,,,,,,,,,,,,,,,,,,,,,,,,omission in S,
,12,1,classiariorum,U S T V,,et M supra lineam,nauigatorum,M,,,,,,,,,,,,,,,,,,,,,,,,,,,,,
,12,1,quibus,M U S T V,,,a quibus (sc. classiariis),,Rhellicanus,(cf. Hirt. 8.9.4),qui (sc. Alexandrini),,Cellarius,", qui Manutium infra sequitur",,,,,,,,,,,,,,,,,,,,,,,
◊,12,1,et <gap>,,scripsimus,,et,M U S T V,,,,,,,,,,,,,,,,,,,,,,,,,,,", lacunam post uiderent Dauisius 1706, post quibus Nipperdey",,
,12,1,ex,M U S T V,,,uix,,Manutius,(u. 18.1 et cf. BHisp 12.5),uix ex,,Dinter,(cf. 17.4 et u. infra),,,,,,,,,,,,,,,,,,,,,,,
,12,1,locis,M U S T V,,,temporibus,,Kübler,dubitanter (cf. BG 7.14.3),,,,,,,,,,,,,,,,,,,,,,,,,,,
,12,1,quibus et <gap> superioribus locis subleuabantur ut ex aedificiis defendi possent,,scripsimus,,quibus et superioribus locis subleuabantur ut ex aedificiis defendi possent,M U S T V,,,"ut uix ex aedificiis defendi posse se confiderent, quibus et superioribus locis subleuabantur",,Dinter,,,,,,,,,,,,,,,,,,,,,,,,this long lemma overlaps with the 5 previous lemmata
,12,2,confirmauit,M U S,,,firmauit,T V,,,,,,,,,,,,,,,,,,,,,,,,,,,,,
,12,2,et1,M U,,,ut,S T V,,,,,,,,,,,,,,,,,,,,,,,,,,,,,superscript in lemma
,12,2,amissae,M U S T V,,,amissae <naues>,,Müller ,,,,,,,,,,,,,,,,,,,,,,,,,,,,
,12,2,restituturum,M S V,,,restiturum,U T,,,,,,,,,,,,,,,,,,,,,,,,,,,,,
,12,2,adaucturum,Mc U S,,,adacturum,Mac T V,,,,,,,,,,,,,,,,,,,,,,,,,,,,,
,12,3,CX,,Manutius,,ex,M U S T V,,,,,,,,,,,,,,,,,,,,,,,,,,,,,
,12,3,miserant,M U S T V,,(simplex post compositum),amiserant,,Manutius,,,,,,,,,,,,,,,,,,,,,,,,,,,,
,12,3,non tamen,M U,,,tamen,S Tac V,,non post cogitationem suppleuit Tc,,,,,,,,,,,,,,,,,,,,,,,,,,omission in S Tac V,
,12,4,Caesaris,M U S T V,,(cf. BC 3.23.2),Caesari,,Stephanus,,,,,,,,,,,,,,,,,,,,,,,,,,,,
,12,4,nautici,M U S T V,,(cf. 16.5),[nautici],,Morus,ut glossema,,,,,,,,,,,,,,,,,,,,,,,,,,,
,12,4,regionis,M T V,,,religion(e/i)s,U S,,,,,,,,,,,,,,,,,,,,,,,,,,,,,
,12,4,maritimae,M U S T V,,,maritimae <periti>,,Klotz,dubitanter (cf. BC 1.48.7),,,,,,,,,,,,,,,,,,,,,,,,,,,
,12,4,naturale,M,,,naturalem,U S T V,,,,,,,,,,,,,,,,,,,,,,,,,,,,,
◊,13,5,"X (i.e., decem)",M U S T V,,,<de> X,,Larsen,dubitanter (u. TLL 5.1.58.74-59.28),,,,,,,,,,,,,,,,,,,,,,,,,,,
,13,5,cursu litore,M U S T V,,(cf. BG 4.23.6),cursu <sub> litore,,Larsen,coll. BG 5.57.3,cursu [litore],,Nipperdey,,,,,,,,,,,,,,,,,,,,,,,,
,13,5,defecerat,M U S T V,,(cf. Verg. Aen. 6.354 et BC 3.2.3),decesserat,,Ciacconius,coll. BC 3.112.3 (sed u. Dauisium),desederat,,Siesbye,teste Larsen (cf. Sen. Nat. 6.6.4),,,,,,,,,,,,,,,,,,,,,,,
,13,5,Lycias,M U S T V,,(u. Mitchell 234-37),<Syrias *** Ci>licias,,Schneider,coll. 1.1,,,,,,,,,,,,,,,,,,,,,,,,,,,
,13,5,et1,M U S T V,,,VI,,Schneider,,,,,,,,,,,,,,,,,,,,,,,,,,numeros alios alii,,superscript in lemma
,14,1,uterque eorum,M U S,,,uterque,T V,,,,,,,,,,,,,,,,,,,,,,,,,,,,omission in T V,
,14,1,Rhodios (sc. e.g. classiarios),M U S T V,,(u. et ad 15.6 infra),Rhodias,ed.pr.,,,,,,,,,,,,,,,,,,,,,,,,,,,,,
,14,1,Ponticos,M U S T V,,,Ponticas,ed.pr.,,,,,,,,,,,,,,,,,,,,,,,,,,,,,
,14,1,hos,M U S T V,,,has,ed.pr.,,,,,,,,,,,,,,,,,,,,,,,,,,,,,
,14,1,relinquit,M U V,,,reliquit,S T,,,,,,,,,,,,,,,,,,,,,,,,,,,,,
,14,5,Africae. (Sic enim praedicant partem esse Alexandriae dimidiam Africae.),U S T V,,,Africae,M,,", qui uerba 8 omisit",,,,,,,,,,,,,,,,,,,,,,,,,,omission in M (uerba 8),
,14,5,ii,,scripsimus,,ei,U S T,,,eis,M,,,et,V,,,,,,,,,,,,,,,,,,,,,
,14,5,impeditiores,M,,,expeditiores,U S T V,,,,,,,,,,,,,,,,,,,,,,,,,,,,,
,15,3,Caesaris <moram>,,Lewis,(cf. 2.1),Caesaris <dubitationem> aut <dubitare> Caesarem,,Forchhammer,(cf. 7.1 et BG 1.41.3),Caesaris <cunctationem>,,Landgraf,"1888 coll. BG 3.18.6, 3.24.5",Caesaris <consilium>,,Andrieu,dubitanter (cf. BC 3.78.5),cessari,,Kraner,feliciter (cf. Liu. 31.12.1),,,,,,,,,,,,,,,
,15,5,pugnae,M Tc,,(cf. BG 7.62.2),pugna,U S Tac Vac,,,pugnandi,Vc,,(cf. 45.3),,,,,,,,,,,,,,,,,,,,,,,
,15,5,"progressis ultra uadum IIII, Rhodias",U S Tac V,,(cf. BC 2.19.4 deductis tribus ... cohortes),progressas ultra uadum IIII Rhodias,M Tc,,,,,,,,,,,,,,,,,,,,,,,,,,,"an progressis ultra uadum Rhodiis, IIII (cf. 14.1 et illi infra)?",,
,15,6,illi,M U S T V,,(u. et ad 14.1),illae,,Klotz,dubitanter,,,,,,,,,,,,,,,,,,,,,,,,,,,
,15,6,arte sollertiaque se,M U,,,artes sollertia quaesse,S,,,rate solertia quae se,Tac V,,,rate solertiaque se,Tc,,,,,,,,,,,,,,,,,,,,,
,15,6,remi detergerentur,M U Tac V,,(cf. BC 1.58.1),remi detegerentur,Tc,,,remi detererentur,,scholium,teste Hedicke,rem' detergerent,S,,,,,,,,,,,,,,,,,,,,,
,15,8,<nisi> qui,,Fleischer,1879 coll. BG 1.30.5,qui,M U S T V,,,<praeter eos> qui,,Gaertner-Hausburg,129 coll. BC 3.81.2,,,,,,,,,,,,,,,,,,,,,,omission in M U S T V,
,15,8,in pugna occupatum animum haberent,T V,,(cf. Cic. Inu. 1.31),inpugnatioccupatum animum haberent,S,,,in pugna occupatum animum haberet,U,,,pugna haberet occupatum animum,Mac,,,pugna occupatum animum haberet,Mc,,,oppugnatione occupatum animum haberent,,Landgraf,1891a coll. 12.1,,,,,,,,,,,
,15,8,quin,M U T,,,qui in,S V,,,,,,,,,,,,,,,,,,,,,,,,,,,,,
,15,8,peteret atque ex omni prospectu locum spectaculo caperet precibusque et uotis uictoriam suis ab dis immortalibus exposceret,M U T V,,uocibus hic et illic leuiter mutatis (u. infra),peteret,S,,", qui uerba 16 omisit",,,,,,,,,,,,,,,,,,,,,,,,,,omission in S (uerba 16),
,15,8,prospectu locum spectaculo,U Tc V,,(u. TLL 10.2.2206.27-41 et cf. Liu. 23.47.3),prospectu locum spectaculoque,Tac,,,prospectaculo cum spectaculo,M,,(deest S),prospectaculo spectaculum,Mmr,,,prospectu illorum (sc. pugnantium) spectacula,,Larsen,coll. Ou. Met. 7.780 etc.,,,,,,,,,,,,,,,
,16,1,par erat,M U Tc,,(inter par et at non legitur Tac),pareat,S,,,appareat,V,,,,,,,,,,,,,,,,,,,,,,,,,
,16,1,pulsis,M U S T V,,(cf. BG 1.46.3),[pulsis] ,,Nipperdey,uoce uictis infra seruata,paucis,,Landgraf,1888 (u. 16.2),prorsus,,Stephanus,"(cf. Quint. 12.9.9)
",,,,,,,,,,,,,,,,,,,
,16,1,dabatur uictis,M U S T V,,(cf. 17.4 et 60.2) ,[dabatur uictis] ,,Gruterus,teste Oudendorp uoce pulsis supra seruata ,dabatur ullum,,Strada,,,,,,,,,,,,,,,,,,,,,,,,
,16,1,illi (sc. hostes) tenerent,M U S T V,,"(cf. Hirt. 8.33.1 possent, 8.39.4 uererentur, BC 3.111.4 haberent et u. ad 16.2)",<cum> illi tenerent,,Clarke,(cf. 69.3),,,,,,,,,,,,,,,,,,,,,,,,,,,
,16,2,summa <exercitus>,,scripsimus,"(cf. BG 6.34.3, BC 1.67.5)",summa,M U S T V,,,summa rerum,ς,,teste Klotz (cf. BC 2.30.1),summa re,,Ciacconius,(cf. Quint. Decl. min. 343.9),,,,,,,,,,,,,,,,,,,
,16,2,qui,S T V,,,quis,M U,,,,,,,,,,,,,,,,,,,,,,,,,,,,,
,16,2,cessisset,M U S T V,,,cecidisset,,Oudendorp,Manutium infra sequens coll. Cic. Fam. 6.1.4 ,,,,,,,,,,,,,,,,,,,,,,,,,,,
,16,2,esset,M U S T V,,(u. ad 16.1),esse,,Lewis,,,,,,,,,,,,,,,,,,,,,,,,,,,,
,16,2,cauendum,M U S T V,,,cedendum,,Rossetus,testibus Gaertner-Hausburg 126 n.198,cadendum,,Manutius,,,,,,,,,,,,,,,,,,,,,,,,
,16,3,superioribus diebus,M Uc T V,,,diebus,Uac S,,,,,,,,,,,,,,,,,,,,,,,,,,,,omission in S,
,16,5,electi,,Ciacconius,(cf. BHisp 15.2 et u. 13.4 idoneos),flecti,M U S T V,,,flexi,ς ,,teste Andrieu,,,,,,,,,,,,,,,,,,,,,,,
,16,5,uirtuti,U S Tc V,,,uirtute,Tac,,,uirtutis,M,,,,,,,,,,,,,,,,,,,,,,,,,
,16,5,adaequare,M U S,,,adaequarent,T V,,,,,,,,,,,,,,,,,,,,,,,,,,,,,
◊,17,2,<et hanc> et illam [urbem],,scripsimus,,et illa in urbe,M U,,,et illa in urbem,S T V,,,et illam (sc. insulam) et urbem,,Aldus,(u. BC 3.112.6),et insulam et urbem,,Jurinius,,etiam illa (sc. mole) urbem,,Nipperdey,,et illa (sc. insulam molemque) et urbem,,Gertz,teste Klotz (cf. 24.4 illa et BG 1.27.4 ea),et illas et urbem,,Fleischer,1878,,,
,17,3,quosque,,Lipsius,(cf. BC 3.103.1),quos,M U S T V,,", quod defendit Andrieu coll. 77.2 ",,,,,,,,,,,,,,,,,,,,,,,,,,,
,17,3,in alteram,M U S T V,,,alteram,,Aldus,,alteramque,,Vascosanus,(u. et infra),et alteram,,Castiglioni,,,,,,,,,,,,,,,,,,,,
,17,3,partem <gap>,,scripsimus,", quam lacunam e.g. <pedestres copias exponit, alteram partem> suppleuerimus",partem,M U S T V,,,,,,,,,,,,,,,,,,,,,,,,,,,,,
,17,3,constratis,M U S,,,constractis,T Vac,,,contractis,Vc,,,,,,,,,,,,,,,,,,,,,,,,,
,17,3,praemiis,ed.pr.,,(u. et supra),praemiisque,M U S T V,,,,,,,,,,,,,,,,,,,,,,,,,,,,,
,17,4,pariter,M U S T V,,(sc. in litore et angustiis; cf. BC 3.52.1),Pharitae,,Schneider,,,,,,,,,,,,,,,,,,,,,,,,,,,,
,17,4,quo,M U T V,,(cf. BG 2.16.5),qua,S,,fortasse recte (cf. 19.4) ,,,,,,,,,,,,,,,,,,,,,,,,,,,
,17,4,V,M U S T V,,,[V],,Vielhaber,coll. 13.4 et 16.7 ,utrinque,,Fleischer,1879 coll. 17.3,,,,,,,,,,,,,,,,,,,,,an Alexandrini (u. et infra)?,,
,17,5,litore constiterunt atque hos sunt alii subsecuti constanterque in eos qui in litore,M U T V,,uocibus hic et illic leuiter mutatis (u. infra),litore,S,,", qui uerba 12 omisit",,,,,,,,,,,,,,,,,,,,,,,,,,omission in S (uerba 12),
,17,5,constanterque,ς,,teste Klotz (cf. 36.2),constantemque,M U T V,,(deest S),,,,,,,,,,,,,,,,,,,,,,,,,,,
,17,6,his pulsis,U S T V,,,hii pulsi,M,,,,,,,,,,,,,,,,,,,,,,,,,,,,,
,17,6,pulsis <gap>,,Schneider,", quam lacunam Larsen <nautae> uel <milites> suppleuerit",pulsis uel pulsi,M U S T V,,(u. supra) ,,,,,,,,,,,,,,,,,,,,,,,,,nisi mauis <Alexandrini> (cf. 15.5 et u. supra) uel <illi> (cf. Sen. Contr. 1.8.11) ,,
,18,1,diutius ea munitione,,Dauisius,1706 (cf. BG 2.30.2),diutius ex munitione,M Uc S T V,,,ex munitionibus diutius,Uc,,,,,,,,,,,,,,,,,,,,,,,,,
,18,1,maioribus,M U,,,minoribus,S T V,,,,,,,,,,,,,,,,,,,,,,,,,,,,,
,18,1,aut cratibus aut,M U S T,,,aut,V,,", qui uerba 2 omisit",,,,,,,,,,,,,,,,,,,,,,,,,,omission in V (uerba 2),
,18,3,DCCC,Mc U S T V,,,DCCCC,Mac,,", quem numerum defendit Schiller 1890a coll. BC 3.112.2",,,,,,,,,,,,,,,,,,,,,,,,,,,
,18,3,oppidum enatauerunt multi tamen ex his capti interfectique sunt sed numerus captiuorum omnino fuit VI milium,M U S T,,uocibus hic et illic leuiter mutatis (u. infra),oppidum,V,,", qui uerba 15 omisit",,,,,,,,,,,,,,,,,,,,,,,,,,omission in V (uerba 15),
,18,4,tamen ex his,M S T,,,tamen,U,,", qui uerba 2 omisit (deest V)",,,,,,,,,,,,,,,,,,,,,,,,,,omission in U (uerba 2),
,19,1,propior,T V,,(cf. 73.1),prior,M U S,,,,,,,,,,,,,,,,,,,,,,,,,,,,,
,19,2,certiorem,S T V,,(cf. Fron. Aq. 2 et u. TLL 3.924.52-68),fortiorem,M U,,", quod defendit Fleischer coll. 66.2",artiorem,,Vielhaber,coll. 19.3 angustiae loci,inferiorem,,Stark,(cf. 6.2),ulteriorem,,Schambach,1882 (cf. BC 1.40.3),,,,,,,,,,,,,,,
,19,2,simili ratione aggreditur quod his,M U,,(cf. BG 1.28.4),simili ratione aggreditur his,S T V,,(cf. BG 7.4.1),,,,,,,,,,,,,,,,,,,,,,,,,,,
,19,2,omnem nauigiorum excursum,M U S T V,,,omnes nauigiorum excursus,,Landgraf,1888 (u. et infra),,,,,,,,,,,,,,,,,,,,,,,,,,,
,19,2,sublatum,M T V,,,sublatu,S,,,sublatam,Uac,,,sublata,Uc,,,,,,,,,,,,,,,,,,,,,
,19,2,uidebat,,Bentley,(cf. BG 7.27.1) ,uidebatur,M U,,(cf. BC 1.69.1 et 2.13.4),uidebantur,S T V,,", quod defendit Landgraf 1888 (u. et supra)",,,,,,,,,,,,,,,,,,,,,,,
,19,6,pugnabatur … (24.2) ad hostes,M U T V,,,hostes,S,,,,,,,,,,,,,,,,,,,,,,,,,,,,,
,19,6,nobis,M U T V,,(cf. 3.1) (deest S) ,nostris,,Aldus,,,,,,,,,,,,,,,,,,,,,,,,,,,,
,19,6,ex mole,M U T V,,(de anaphora cf. 20.3) (deest S),<et> ex mole,,Müller,(cf. BC 3.6.1) ,et mole,,Schneider,,,,,,,,,,,,,,,,,,,,,,,,
,20,3,sine ratione,M U T V,,(de anaphora cf. 19.6) (deest S),<et> sine ratione,,Callaghan,(cf. BG 7.52.2),[sine ratione],,Forchhammer,ut glossema ad temere pertinens,,,,,,,,,,,,,,,,,,,,,,,
,20,3,refugere coeperunt,U,,,receperunt,M,,,fugere coeperunt,T,,,profugere coeperunt,V,,(deest S),,,,,,,,,,,,,,,,,,,
,20,4,acrius perturbatos insequebantur,M U,,"(cf. Liu. 8.8.13 et, de aduerbio, Hirt. 8.35.5)",acrius perturbantes insequebantur,T V,,"(cf. 75.2 et, de aduerbio, Tac. Ann. 4.67.3) (deest S)",perturbatos acrius insequebantur ,,Landgraf,1888 fortasse recte (cf. Hirt. 8.10.2),,,,,,,,,,,,,,,,,,,,,nisi mauis perturbatos secludere ut glossema de 20.5 sumptum,,
,20,5,ponte2,ς,,teste Oudendorp (cf. 2.2),pontem,M U T V,,(deest S),,,,,,,,,,,,,,,,,,,,,,,,,,,superscript in lemma
,20,6,multitudine hominum atque onere,M U T V,,(deest S),,,,,,,,,,,,,,,,,,,,,,,,,,,,,an secludendum ut glossema de BC 2.43.4 sumptum?,,"No reading 1, since the alternative is given in “general comments”"
,20,6,alleuatis scutis et animo ad conandum nisi,M U T V,,uocibus hic et illic leuiter mutatis (u. infra) (deest S),[alleuatis scutis et animo ad conandum nisi],,Fleischer,1879 ('romanhafte'),,,,,,,,,,,,,,,,,,,,,,,,,,,
,20,6,alleuatis,U T V,,,alleuati,M,,", quod defendit Madvig 'alleuati ipsi scutis ligneis homines'; u. Amm. 24.6.7, cf. Curt. 9.9.22 et, de uerborum ordine, BC 1.45.2) (deest S)",,,,,,,,,,,,,,,,,,,,,,,,,,,
,20,6,animo ad conandum nisi,M U T V,,(cf. Quint. Decl. min. 266.9) (deest S),,,,,,,,,,,,,,,,,,,,,,,,,,,,,an animo ad conandum incumbentes (cf. 12.4)?,,"No reading 1, since the alternative is given in “general comments”"
,21,1,continere,,Lipsius,(cf. BC 3.58.1),contendere,M U T V,,(deest S),,,,,,,,,,,,,,,,,,,,,,,,,,,
,21,4,paulo <ultra>,,Beroaldus,(cf. BC 3.66.4),paulo,M U T V,,,,,,,,,,,,,,,,,,,,,,,,,,,,omission in M U T V (deest S),
,22,1,af(f)uerunt,M U,,,fuerunt,T V,,(deest S),afuit,,Vielhaber,(cf. Suet. Tib. 50.1),,,,,,,,,,,,,,,,,,,,,,,
,22,1,accessiones,T V,,,accensiones,M U,,(deest S),,,,,,,,,,,,,,,,,,,,,,,,,,,
◊,22,2,manum <gap>,,Nipperdey,", qui lacunam alteram ante et statuit",manum,M U T V,,(deest S),<gap> manum,,Stephanus,,,,,,,,,,,,,,,,,,,,,,,,
,22,2,†multum†,,scripsimus,,multum,M U T V,,(deest S),,,,,,,,,,,,,,,,,,,,,,,,,an munitionum (cf. 1.2)? nisi mauis lacunam alteram ante operibus statuere,,
,23,1,tertium,M U T V,,(cf. Lucr. 1.445-46) (deest S),[tertium],,Kraffert,,,,,,,,,,,,,,,,,,,,,,,,,,,,
,23,1,quo,M,,,qui,U T V,,(deest S),,,,,,,,,,,,,,,,,,,,,,,,,,,
,23,1,regi,,Ursinus,(cf. Hirt. 8.21.1 etc.),regis,M U T V,,(deest S),,,,,,,,,,,,,,,,,,,,,,,,,,,
,24,1,statuit,U T V,,et M supra lineam,constituit,M,,(deest S),,,,,,,,,,,,,,,,,,,,,,,,,,,
,24,1,quo pacto sentirent,,Manutius,(cf. Cic. Att. 1.12.2; de numero u. infra),quo facto sentiret ,M U T V,,(deest S),profecto sentirent,,Fleischer,1879 coll. Hirt. 8.21.2,,,,,,,,,,,,,,,,,,,,,,,
,24,1,postularent,T V,,(u. 23.1 miserunt),postularet (sc. rex),M U,,uix recte (deest S),,,,,,,,,,,,,,,,,,,,,,,,,,,
,24,1,bellum esse,Mc U T,,,bellum esset,Mac,,,bellum,V,,,,,,,,,,,,,,,,,,,,,,,,omission in V,
,24,2,parceret,M,,,parceret et,U T V,,(deest S),,,,,,,,,,,,,,,,,,,,,,,,,,,
,24,2,ad hostes,M U T V,,,hostes,S,,(redit S; u. 19.6),,,,,,,,,,,,,,,,,,,,,,,,,,,
,24,2,adulta iam aetate puerum,M U S T V,,,,,,,,,,,,,,,,,,,,,,,,,,,,,,,"an secludendum ut glossema (u. BC 3.104.1, 108.1, App. BC 2.354 et ad 7.2)?",,"No reading 1, since the alternative is given in “general comments”"
,24,3,contra Caesarem,M U S T V,,(cf. 37.2 etc.),[contra] Caesarem,,Dinter,(ex 24.5? cf. BG 5.27.7),,,,,,,,,,,,,,,,,,,,,,,,,an Caesarem contra (cf. 60.3)?,,
,24,4,illa,M U S T V,,(cf. 24.1),ita,,Schneider,coll. Cic. Luc. 63,,,,,,,,,,,,,,,,,,,,,,,,,,,
,24,5,ut ex carceribus in liberum cursum emissus,M U S T V,,(cf.  Cic. Amic. 101),ut <equus> ex carceribus in liberum cursum emissus ,,Fleischer,1879,,,,,,,,,,,,,,,,,,,,,,,,,,,
,25,1,Caesaris praesidia,ed.pr.,,(cf. 23.1),Caesar praesidia,M U S T V,,,Caesari praesidia,Mmr,,,,,,,,,,,,,,,,,,,,,,,an Caesaris auxilia (u. 1.1)?,,
,25,1,itinere <ex>,,Stephanus,(cf. BC 3.107.1),itinere,M U S T V,,,,,,,,,,,,,,,,,,,,,,,,,,,,omission in M U S T V,
,25,1,Ciliciaque,M U V,,,C(i/y)liaque,S T,,,,,,,,,,,,,,,,,,,,,,,,,,,,,
,25,1,commeatum,M U,,,commeatumque,S T V,,,<audendum aliquid> commeatumque,,Vielhaber,dubitanter (cf. Liu. 41.19.7),,,,,,,,,,,,,,,,,,,,,,,
,25,2,commeatu,U S T V,,(cf. BC 2.32.12),commeatum,M,,,commeatibus,,Oudendorp,(cf. BG 3.23.6),commeatuque,,Nipperdey,(de casu datiuo u. Gel. 4.16.8),[commeatu],,Müller,,commeatu <onustis>,,Kübler,(cf. BC 3.23.2),<et Caesarem prohibebant> commeatu,,Andrieu,coll. BC 3.111.4,<nostra> signa (uel <nostros> ignes) imitati,,Vielhaber,coll. Dio 42.40.6,alii alia,,
,25,3,uniuersam,,Fleischer,1879 ex compendio (cf. BAfr 62.5),unam,M U T V,,,nam,S,,,suam,,Nipperdey,(cf. 45.1),,,,,,,,,,,,,,,,,,,
,25,3,praeficit,S T V,,,praefecit,M U,,,,,,,,,,,,,,,,,,,,,,,,,,,,,
,25,3,maritima,M U S T V,,(cf. 46.1 et Cic. Ver. 2.5.136),mari inita,,Cornelissen,(cf. Sempronius Asellio FRHist F2),maritima <gap>,,Kübler,", qui <suscipi posse uidebatur> suppleuerit (cf. Hirt. 8.10.1)",,,,,,,,,,,,,,,,,,,,,,,
,25,3,parum,M U S T V,,,<impar> (sc. dimicatio) parum,,Larsen,,,,,,,,,,,,,,,,,,,,,,,,,,,,
,25,5,conflixisset,M U T V,,,esset conflixisset,S,,,constitisset,,Fischer,15 coll. 21.2,,,,,,,,,,,,,,,,,,,,,,,
,25,5,quadriremem,,Dübner,(de corruptela u. ad 31.1 et BC 3.111.3),illi triremem,M U S T V,,", quod defendit Madvig ('significatur: et illico triremem') sed u. TLL 7.1.368.9-22 ",illic triremem,,Oudendorp,,,,,,,,,,,,,,,,,,,,,,,,
,25,5,perforasset ac demersisset (sc. Euphranor),ς,,teste Oudendorp,perforassent ac demersissent (sc. illi),M U S T V,,(u. supra),,,,,,,,,,,,,,,,,,,,,,,,,,,
,25,5,circumuentus,M U S T V,,(cf. 55.3),circumuentus est,Mmr,,(cf. 28.2),,,,,,,,,,,,,,,,,,,,,,,,,,,
,25,6,Ita qui,,Haupt,teste Nipperdey (cf. Cic. Tusc. 1.13),itaque,M U S T V,,,itaque qui,,Gruterus,teste Oudendorp (cf. Cic. Ver. 2.3.85),,,,,,,,,,,,,,,,,,,,,,,
◊,26,1,missus,M U,,,missis,S T V,,,,,,,,,,,,,,,,,,,,,,,,,,,,,
,26,1,cum magnis copiis,M U S T V,,,magnas copias,,Vascosanus,,[cum] magnis copiis,,Hoffmann,1890 (u. et infra),,,,,,,,,,,,,,,,,,,,,,,
,26,2,Pelusium adduxit,,Aldus,(cf. 43.4),Pelusium aduenit,,Dauisius,1727 (cf. Liu. 42.56.3),ad Pelusium uēnit,,Vielhaber,(cf. 57.6),Pelusium accedit,,Fleischer,1879 coll. 56.6,Pelusium adductis,,Hoffmann,1890 (u. et supra),<gap> adducit,,Persyn,", quae uel <III legiones> (u. BC 3.107.1 et cf. 3.4.3) uel <eas> suppleuerit",,,,,,,,,alii alia,,
,26,2,idque,M U T V,,(cf. 3.4),idque quod,S,,,quod,,Landgraf,1891b 8 coll. 36.3,,,,,,,,,,,,,,,,,,,,,,,
,26,2,Achillae,,scripsimus,,ac(c)hil(l)ae,M S V,,,achiliae,U T,,,,,,,,,,,,,,,,,,,,,,,an secludendum ut glossema?,,
,26,2,multiplici praesidio pertinaciter propugnantibus,M U S T V,,(cf. Ciris 85 et u. TLL 8.1592.48-60 'spectat ad quantitatem'; de constructione ad sensum u. Landgraf 1888 et ad BC 3.78.4),,,,,,,,,,,,,,,,,,,,,,,,,,,,,,,"No reading 1, because the bulk of the note (explanatory) is in the annotations"
,26,2,ibi suum,U S T ,,et Mmr,suum ibi,M V,,,,,,,,,,,,,,,,,,,,,,,,,,,,,
,26,3,pacarat,ς,,teste Oudendorp (cf. BG 3.11.5),placarat,M U S Tc V,,(cf. BG 6.16.3),placaret,Tac,,,,,,,,,,,,,,,,,,,,,,,,,
,27,1,[inter se1],,Dübner,,inter se,M U S T V,,,,,,,,,,,,,,,,,,,,,,,,,,,,,
,27,1,paulatim medium,M U S T V,,(cf. BG 3.19.1),paulatim <latius> medium,,Larsen,(cf. BG 7.73.5 et u. TLL 10.1.8.63-77),<maius> paulatim [medium],,Müller,(cf. Curt. 8.1.30),,,,,,,,,,,,,,,,,,,,,,,
,27,1,[a] mari coniungitur,,Ciacconius,(cf. 26.2 et u. TLL 4.338.75-80),a mari coniungitur,M U S T V,,,,,,,,,,,,,,,,,,,,,,,,,,,,,
,27,2,flumen,M U S T V,,"(sc. Nilum prope Memphin? u. 27.4-6 et Jos. BJ 1.187-92, cuius tamen narratio ualde differt; sc. illud angustum? u. 29.1 et Graindor, qui confert Jos. AJ 14.133; sc. ad ostium Pelusiacum fluens? Stoffel 2.63-64)",,,,,,,,,,,,,,,,,,,,,,,,,,,,,,,"No reading 1, because the bulk of the note (explanatory) is in the Annotations"
,27,3,interclusum a Caesare a se,M U S T,,,interclusum a caesare se,V,,,interclusum a Caesare [a se] ,,Ciaconnius,", qui tamen a se interclusum [a Caesare] malit, et Jurinius ut dittographia ('cum rex ipse cum iis copiis non esset')",,,,,,,,,,,,,,,,,,,,,,,
◊,27,5,Mithridates magna cum prudentia,M U Sc,,et T supra lineam,mithridates magna cum potentia,Sac T,,,magna cum prudentia mithridates,V,,feliciter,Mithridates [magna cum prudentia],,D. Simons,", qui et constantiaque uirtutum et Alexandrinorum imprudentia secluserit ut glossema",,,,,,,,,,,,,,,,,,,
,27,5,constantiaque [uirtutum et Alexandrinorum imprudentia] consuetudine,,Dübner,dubitanter,constantiaque uirtutum et Alexandrinorum imprudentia consuetudine,M U T V,,,consuetudine,S,,", qui uerba 5 omisit",[constantiaque uirtutum et Alexandrinorum imprudentia] consuetudine,ed.pr.,,,,,,,,,,,,,,,,,,,constantiaque uirtutum et Alexandrinorum imprudentia post facta transposuerit Klotz,omission in S (uerba 5),transposition
,27,5,uirtutum,M U T V,,"(deest S, u. supra)",militum,ς,,teste Ciacconio,,,,,,,,,,,,,,,,,,,,,,,,,,,
,27,5,incaute,M U,,(cf. Liu. 7.15.9),caute,S T V,,,,,,,,,,,,,,,,,,,,,,,,,,,,,
,27,7,adiuncti his,S T V,,(cf. BC 2.6.3),adiunctis (h)iis,M U,,(cf. 42.3 etc.),,,,,,,,,,,,,,,,,,,,,,,,,,,
,28,2,quo,ς,,teste Oudendorp,qua,M U S T V,,,,,,,,,,,,,,,,,,,,,,,,,,,,,
,28,2,circumuectus,M U V,,,circum euectus,S,,,circumuectus est,T,,,,,,,,,,,,,,,,,,,,,,,,,
,28,3,rex,S,,,L ex,M T V,,,ex,U,,,,,,,,,,,,,,,,,,,,,,,,,
,28,3,uariis generum,M U S T V,,", quod defendit Löfstedt (cf. Cic. Font. 13 uarietate generum)",uariis genere,ς,,teste Andrieu (cf. BC 3.110.12 et Liu. 22.36.1),uarii generis,,Oehler,(cf. BC 2.36.1),,,,,,,,,,,,,,,,,,,,,an uariis <multorumque> generum (cf. Cic. De orat. 3.177)?,,
,29,3,certaretur,ς,,teste Andrieu (cf. Liu. 2.56.15),certarentur,M U S T V,,,certarent,ς,,teste Klotz (cf. Liu. 5.41.4),,,,,,,,,,,,,,,,,,,,,,,
,29,4,[fluminum],,Dübner,(cf. BG 2.9.4),fluminum,M U S T V,,,fluminis,ς,,"teste Klotz (cf. BG 1.8.4, Hirt. 8.13.1)",,,,,,,,,,,,,,,,,,,,,,,
,29,4,"excisis quae longitudine utramque ripam contingerent, proiectis repentinoque",M U S T V,,", quod defendit Landgraf 1891b coll. Hirt. 8.28.4",excisis quae longitudine utramque ripam contingerent et proiectis repentinoque,ς,,teste Andrieu (cf. 17.3),[excisis] quae longitudine utramque ripam contingerent proiectis repentinoque,,Ciacconius,(cf. Vitr. 10.14.2 et u. TLL 10.2.1797.75-1798.30),excisis quae longitudine utramque ripam contingerent proiectis <iis> repentinoque,,Nipperdey,(cf. BC 1.27.4),,,,,,,,,,,,,,,,,an excisis quae longitudine utramque ripam contingerent proiectisque repentino (cf. 44.4)?,,long lemma to avoid breaking up related emendations
,30,1,pertendit,M U S T V,,(cf. Fron. Str. 1.4.6),contendit,ς,,teste Andrieu,,,,,,,,,,,,,,,,,,,,,,,,,,,
,30,3,castra regis,U S T,,,in castra regis,M,,,regis castra,V,,,,,,,,,,,,,,,,,,,,,,,,,
,30,4,eo,M U S T V,,(cf. BG 1.27.2),eodem,,Schneider,(cf. 74.4),,,,,,,,,,,,,,,,,,,,,,,,,,,
,30,6,habebat,M U S T V,,,habebat. At ,,Larsen,coll. 25.4 etc.,,,,,,,,,,,,,,,,,,,,,,,,,,,
,30,6,auersi,ς,,teste Klotz (cf. Cic. De orat. 2.256),mersi,M U S T V,,,,,,,,,,,,,,,,,,,,,,,,,,,,,
,31,1,"tres (i.e., III)",,Faernus,teste Ciacconius (de corruptela u. ad 25.5),illo,M U S T V,,,,,,,,,,,,,,,,,,,,,,,,,,,,,
◊,31,3,partibus,M U S T V,,"(sc. loca caperent nostri; cf. Hirt. 8.36.4 et, de figura apo koinou, BC 1.19.5)",partibus <impetus fieret>,,Kübler,(cf. BG 1.22.3),partibus <inrumperent>,,Schneider,(cf. BG 4.14.3),,,,,,,,,,,,,,,,,,,,,,,
,31,3,castrorum locum,S T V,,et Mmr (cf. BG 2.23.5),locum castrorum,M U,,(cf. 31.1),,,,,,,,,,,,,,,,,,,,,,,,,,,
,31,4,in eam partem,M U S T V,,"(sc. loci; u. 28.3, 30.5 et cf. Hirt. 8.46.1)",ea parte,,Larsen,(sc. montis; cf. 32.1),,,,,,,,,,,,,,,,,,,,,,,,,,,
,31,6,ad proximas naues,M U S T V,,,[ad proximas naues],,Vielhaber,ut glossema ineptum,,,,,,,,,,,,,,,,,,,,,,,,,,,
,32,1,magnae uictoriae,M U S T V,,(cf. Liu. 31.22.1),magna uictoriae,,Ciacconius,(cf. BAfr 31.5),magna e uictoria,,Madvig,(cf. Liu. 28.43.19) ,,,,,,,,,,,,,,,,,,,,,,,
,32,2,consilium suum fefellit,M U V,,,consilium suum refellit,S T,,,[consilium suum] fefellit,,Ciacconius,coll. BC 3.94.3,,,,,,,,,,,,,,,,,,,,,,,
,32,3,precari,M Tc V,,,precare,U S Tac,,,,,,,,,,,,,,,,,,,,,,,,,,,,,
,32,4,sed etiam talem aduentum eius felicem,M U S T V,,(cf. Plin. Nat. 11.174),sed etiam talem aduentum eius [felicem]Madvig,,,(cf. 77.1),sed etiam [talem] aduentum eius talem,,Morus,,felicem sed etiam talem aduentum eius,,Vielhaber,dubitanter,,,,,,,,,,,,,,,,,nisi mauis sed etiam talem aduentum eius felicem (cf. 32.1),,
,33,1,[ut],Mmr,,(cf. BG 5.54.2),ut,M U S T V,,,,,,,,,,,,,,,,,,,,,,,,,,,,,
,33,2,"maiore ex duobus pueris, rege,",M U Tc,,,maiorem ex duobus pueris regem,S Tac V,,,maiore ex duobus pueris [rege],,Kraffert,,,,,,,,,,,,,,,,,,,,,,,,
,33,2,diuturnitate confirmarentur,Tc ,,et Mmr (cf. 53.5 et u. TLL 4.224.45-79),diuturnitates confirmarentur,M U S Tac V,,,,,,,,,,,,,,,,,,,,,,,,,,,,,
,33,2,regum,,Stephanus,(cf. 33.3),regis,M U,,,regi,S T V,,,regibus,,Kraner,(u. TLL 4.224.80-225.13),,,,,,,,,,,,,,,,,,,
,33,2,imperia,S T,,,imperio,M U,,,imperiam,V,,,imperium,Mmr,,,,,,,,,,,,,,,,,,,,,
,33,3,legiones ibi,ς,,teste Klotz,legione ibi,M U,,,legiones sibi,S,,,legione sibi ,T V,,,,,,,,,,,,,,,,,,,,,
,33,3,ueterana,M U Tc,,"(cf. 69.1, 76.1)",ueteranas,S Tac V,,,,,,,,,,,,,,,,,,,,,,,,,,,,,
,33,3,reducta,M U S T V,,(sc. in Asiam? u. BC 3.106.1 et cf. BG 1.49.5; sc. in Syriam? u. 33.5),deducta,ς,,teste Oudendorp (cf. Liu. 40.35.14),,,,,,,,,,,,,,,,,,,,,,,,,an ducta (cf. BG 5.5.4)?,,
,33,3,regum,M U V,,,regnum,S T,,,regnum et,ς,,teste Andrieu (cf. Liu. 42.50.5),,,,,,,,,,,,,,,,,,,,,,,
,33,3,permanserant,U T V,,,permanerent,M,,ex 33.4?,permanserunt,S,,,,,,,,,,,,,,,,,,,,,,,,,
,33,4,esse tutos,Mmr,,,esse ut hos,M U,,,esset ut hos,S T V,,,,,,,,,,,,,,,,,,,,,,,,,
,33,4,itinere terrestri,U S T V,,(cf. 34.3 etc.),itinere pedestri,M,,ex 26.1?,[itinere terrestri],,Nipperdey,(u. 66.1 et Jos. AJ 14.137),,,,,,,,,,,,,,,,,,,,,,,
,34,1,prouincias,U S T V,,et M supra lineam,regiones,M,,,,,,,,,,,,,,,,,,,,,,,,,,,,,
,34,2,turpe,M U,,(cf. BAfr 31.9),turpem,S T V,,,,,,,,,,,,,,,,,,,,,,,,,,,,,
,34,4,legioni,ed.pr.,,,leg ,M U S T ,,,legiones,V,,,,,,,,,,,,,,,,,,,,,,,,,
,34,4,C,M U S T V,,(u. 38.4 et cf. Liu. 43.22.4),D,,Schambach  ,1881 13-14 n. 6 (cf. BC 3.4.3),DC,,Klotz,dubitanter (cf. BC 3.4.3),,,,,,,,,,,,,,,,,,,,,,,
,34,5,ciliciam,U T,,,ciliam,M S,,,siciliam,V,,,,,,,,,,,,,,,,,,,,,,,,,
,35,2,[P.],ς ,,teste Oudendorp,P,M U S T V,,,Cn.,,Beroaldus,,,,,,,,,,,,,,,,,,,,,,,,
,35,2,Cappadocia,ς ,,teste Nipperdey,cappado(t/c)i(a)e,M U S T V,,,,,,,,,,,,,,,,,,,,,,,,,,,,,
,35,2,adductum,U,,(cf. 71.2 et Cic. Ver. 2.1.29),abductum,M S T V,,(de corruptela u. ad 57.5) ,,,,,,,,,,,,,,,,,,,,,,,,,,,
,35,2,suo regno,M U S,,,regno suo,T V,,,,,,,,,,,,,,,,,,,,,,,,,,,,,
,35,2,substitisse,,Bentley,,substitisset,M U,,,substitisset et,S T V,,,,,,,,,,,,,,,,,,,,,,,,,
,35,3,siluestre <est> pertinens,,Aldus,(cf. BC 2.24.3),siluestrem pertinens,M U S T V,,,ac siluestre pertinet,,Schneider,(cf. BG 8.14.4) ,,,,,,,,,,,,,,,,,,,,,an siluestre <est et perpetuum> pertinens (cf. Curt. 5.4.9)?,,
◊,35,3,has esse certas <constat> opportunitates,,scripsimus,"(cf. 31.6), nisi mauis cum ς teste Oudendorp post opportunitates <constat> supplere ",has esse certas opportunitates,M U S T V,,,hae erant certae opportunitates ,ς ,,teste Oudendorp,has esse [certas] opportunitates ,,Scaliger,,has esse certas opportunitates <cognouerat>,,Klotz,,has esse cernebat opportunitates,,Vielhaber ,(cf. BC 3.69.4),has est secutus opportunitates,,Larsen,coll. BC 1.1.3 et Cic. Off. 1.35,duas est consecutus opportunitates,,Landgraf ,1891b coll. BC 1.39.4,,,
,35,3,hostium,M U S T V,,,,,,,,,,,,,,,,,,,,,,,,,,,,,,,an secludendum ut glossema?,,
,36,3,castra,U,,,sex castra,M,,,et castra,S,,,ex castra,T V,,,,,,,,,,,,,,,,,,,,,
,36,3,passuum,M U T,,per compendia,passus,S V,,per compendia,,,,,,,,,,,,,,,,,,,,,,,,,,,
,36,4,equites,M U S,,,equiter,T V,,,,,,,,,,,,,,,,,,,,,,,,,,,,,
,36,4,obuersari,M U S,,(cf. Liu. 38.1.8),obseruari,T V,,(cf. Liu. 3.22.6),,,,,,,,,,,,,,,,,,,,,,,,,,,
◊,36,5,siue amicus siue inimicus,M U S T V,,", quam lectionem defendit Hoffmann 1890 LIV (cf. 74.3 et u. infra) ",si amicus [siue inimicus],,Aldus,,siue amicus [siue inimicus],,Nipperdey,(u. et infra),,,,,,,,,,,,,,,,,,,,,,,
,36,5,tamquam amicorum aduentu,M U S T V,,,[tamquam amicorum aduentu] ,,Gruterus,,,,,,,,,,,,,,,,,,,,,,,,,,,,
,36,5,"aduentu, sin",,Hoffmann,1857 (cf. 24.1),aduentus,M U S T V,,,aduentu sin uero ,ς ,,teste Oudendorp,aduentu siue inimicus,,Nipperdey,"coll. Cic. Phil. 14.13, Fin. 1.3 (u. et supra)",aduentu siue,,Forchhammer,1886 92 Nipperdey supra secutus,aduentu si,,Andrieu,(de coniunctione iterata cf. BC 3.78.3),,,,,,,,,,,
,37,1,numquam tamen,M U,,,numquam tamen non,S T V,,('vix de vulgari negationum cumulatione cogitare licet' Klotz),,,,,,,,,,,,,,,,,,,,,,,,,,,
,37,2,cum uereretur,S,,(cf. Hirt. 8.44.1),uereretur,T V ,,,ueritus,M U,,,,,,,,,,,,,,,,,,,,,,,,,
,37,3,contulit,S ,,,contulit rex,M U T V,,,,,,,,,,,,,,,,,,,,,,,,,,,,,
,37,3,nostri,M U S,,,nostris ,T V,,,,,,,,,,,,,,,,,,,,,,,,,,,,,
,37,5,constituta,,Nipperdey,(cf. BG 7.70.5),instituta,M U S T V ,,(cf. BG 3.24.1),,,,,,,,,,,,,,,,,,,,,,,,,,,
,38,2,Domitio,U S T,,,domitium ,M,,,domino,V,,,,,,,,,,,,,,,,,,,,,,,,,
,38,3,<locum> nostris,,Schneider,(cf. Nep. Milt. 5),nostris ,M U S T V,,(cf. BC 3.45.3),,,,,,,,,,,,,,,,,,,,,,,,,,omission in M U S T V,
,39,1,sine causa discederet,M U S T V,,(cf. BG 4.27.5),si negatis (sc. conditionibus) discederet,,Hoffmann,1890 (cf. BC 1.84.2),si recusatis cederet,,Kraner,(cf. Liu. 30.16.14 et BG 6.23.2),,,,,,,,,,,,,,,,,,,,,,,
,39,2,in subsidiis,ς ,,teste Oudendorp (cf. BC 1.83.1 et Fron. Str. 2.3.21),in insidiis ,M U S,,,insidiis,T V,,,,,,,,,,,,,,,,,,,,,,,,,
◊,40,2,aduersa,,Madvig,(cf. 20.5 et u. infra),auersa,M U S T V,,(u. TLL 2.1323.63-66 ‘de fugientibus’),,,,,,,,,,,,,,,,,,,,,,,,,,,
,40,2,circumire ac transcendere,,Nipperdey,(cf. BC 3.46.3),circumire acies secundo,M U S T V,,,circumire acies secunda,,Lipsius,"teste Oudendorp, sensu et uerborum ordine repugnante",circumire acie secunda,,Madvig,(u. TLL 1.409.41-81 ‘i. q. proelium’ et supra),circumire [acies] secundo (sc. post recessum?),,Gruterus,,circumire [acies secundo],,Dauisius,1727 ut glossema ineptum ad 40.1 (u. et infra),transire ut secunda acies,,Ciacconius,dubitanter,,,,,alii alia,,
,40,2,transitu,M U S T V,,,circuitu,,Dauisius,1727 (u. et supra),,,,,,,,,,,,,,,,,,,,,,,,,,,
,40,2,aperto,M U S T V,,(cf. BG 1.25.6),ab aperto,,Landgraf,1888 (cf. BC 3.86.3),,,,,,,,,,,,,,,,,,,,,,,,,,,
,40,2,uix,M U S T V,,,uix primum,,Dinter,(cf. BG 6.37.3),,,,,,,,,,,,,,,,,,,,,,,,,,,
,40,3,sustinuit. Magnis,M U S T V,,,sustinuit <et> magnis,,Madvig,,,,,,,,,,,,,,,,,,,,,,,,,,,,
,40,4,tricesima sexta <legio>,ς ,,teste Dübner,XXXVI,M U S T V,,,,,,,,,,,,,,,,,,,,,,,,,,,,omission in M U S T V,
,41,1,destinaret,M U S T V,,", quod defendit Klotz coll. Cic. Fam. 7.23.3",spe destinaret,,Larsen,coll. Liu. 29.20.2,,,,,,,,,,,,,,,,,,,,,,,,,,,
,41,2,defendente,M U S Vac,,,detendente,T Vc,,,,,,,,,,,,,,,,,,,,,,,,,,,,,
,42,2,exercitus alendos,M,,(cf. 67.1 et Liu. 23.48.7),exercitum alendos,U T V,,,exercitum alendum,S,,(cf. Liu. 22.32.3),,,,,,,,,,,,,,,,,,,,,,,
,42,2,ne quo,M U S,,,neque uero,T V,,,,,,,,,,,,,,,,,,,,,,,,,,,,,
,42,3,parta,Mmr,,(cf. Cic. Leg. agr. 1.5),parte,M U S T V,,,,,,,,,,,,,,,,,,,,,,,,,,,,,
,42,3,illum,M U S T V,,,Illyricum,,Schneider,coll. 47.5,,,,,,,,,,,,,,,,,,,,,,,,,,,
,42,3,Iadertinorum,M U S T V,,,Iadestinorum,,Klotz,coll. CIL III 2919 etc.,,,,,,,,,,,,,,,,,,,,,,,,,,,
,42,4,reliquiis,,Aldus,1574 (cf. 40.5),reliquis,M U S T V,,,,,,,,,,,,,,,,,,,,,,,,,,,,,
,42,4,contulisse,ς ,,teste Oudendorp,compulisse,M U S T V,,,,,,,,,,,,,,,,,,,,,,,,,,,,,
,43,1,qua,M Uc T V,,(u. TLL 10.1.1449.39-51),quo,Uc,,ut uidetur,que,S,,,quam,,Schneider ,(u. TLL 10.1.1447.16-27),,,,,,,,,,,,,,,,,,,
,43,1,auspicioque,,Lipsius,teste Oudendorp (cf. Liu. 5.46.6),ausuque,M U S,,"(u. TLL 2.1563.67-1564.4, et cf. 1563.35 'ab ineunte saeculo IV')",ausioque,T V,,,,,,,,,,,,,,,,,,,,,,,an secludendum ut glossema (cf. BC 1.7.7)?,,
,43,1,supportare,,Nipperdey,,su(b/p)portari,M U S T V,,,,,,,,,,,,,,,,,,,,,,,,,,,,,
,43,2,cogeretur,M U S T V,,,conaretur,,Larsen,'castella oppugnare non expugnare propter inopiam potuit' (cf. BC 3.40.5),,,,,,,,,,,,,,,,,,,,,,,,,,,
,43,3,quo,M,,,quod,U S T V,,,,,,,,,,,,,,,,,,,,,,,,,,,,,
,43,3,Salonam,M U S,,,Salonem,T V,,,,,,,,,,,,,,,,,,,,,,,,,,,,,
,43,3,se recepit,ed.pr.,,,se receperit,U T V ,,per compendia,rse receperit,M,,,receperit,S,,(sed u. 43.2),,,,,,,,,,,,,,,,,,,
,43,3,pressus paucis,M U S,,,passus paucis,T Vc,,,paucis passus,Vac,,,,,,,,,,,,,,,,,,,,,,,,,
,44,1,"Illyrico, cum",,Stephanus,,Illyricum cum,M U S T V,,,,,,,,,,,,,,,,,,,,,,,,,,,,,
,44,1,classe,S,,(cf. Cic. Ph. 10.12 exercitu),classem,M U T V,,,,,,,,,,,,,,,,,,,,,,,,,,,,,
,44,2,ad Q.,M T V,,(u. BC 3.55.1-4),atque,U S,,,,,,,,,,,,,,,,,,,,,,,,,,,,,
,44,3,magnitudo nequaquam,,Larsen,(cf. BC 3.109.2),magnitudine quam non,M,,,magnitudine quamquam non,U,,,magnitudine quaquam,S,,,magnitudine quamquam,T V,,,,,,,,,,,,,,,,,
,44,3,iusta ad,M U,,(cf. Cic. Att. 9.15.3),iuxta ad,S T V,,,,,,,,,,,,,,,,,,,,,,,,,,,,,
,44,4,has adiunxit,,scripsimus,(cf. BC 3.89.1),has adiuctas,M,,,has adiunctas,U S T V,,,his adiunctis,,Vascosanus,(de usu cf. 34.4),,,,,,,,,,,,,,,,,,,
,45,1,cum Vatinium,M U V,,,eum uatinium,T,,,eum uatinium cum,S,,,,,,,,,,,,,,,,,,,,,,,,,
,45,1,classem magna,S,,,classem magnam,M,,,classe magna,U T V,,,,,,,,,,,,,,,,,,,,,,,,,
,45,1,non quo,S T V,,(cf. 30.3),non quod,M U,,,,,,,,,,,,,,,,,,,,,,,,,,,,,
,45,1,Octauium ibi,U S T,,,actium ibi,M,,,ibi octauium,V,,,,,,,,,,,,,,,,,,,,,,,,,
,45,2,distentis,,Hoffmann,1857 (cf. 17.3),distensis,M U S,,,distersis,T V,,,dispersis,,Nipperdey,(cf. 42.3),,,,,,,,,,,,,,,,,,,
,45,3,demittique,,Vascosanus,(cf. 45.2),dimittique,M U S T V,,,,,,,,,,,,,,,,,,,,,,,,,,,,,
,45,3,quo pugnandi dabat signum,M U S T V,,(cf. BC 3.89.5),[quo pugnandi dabat signum],,Kübler,ut glossema,,,,,,,,,,,,,,,,,,,,,,,,,,,
,45,3,significabat,M U ,,,significabant,S T V,,,,,,,,,,,,,,,,,,,,,,,,,,,,,
,45,4,parati deinceps,M U T V,,,deinceps,S,,,paratis (sc. Vatinianis) deinceps,,Klotz,dubitanter (cf. BC 1.28.4 reprehensas),,,,,,,,,,,,,,,,,,,,,,omission in S,
◊,46,1,fortuitae dimicationi [fortunae] rem committere maluit,,Klotz,"auctore Hoffmann 1857 (cf. Liu. 25.12.5 impetu fortuito), qui et post fortuitae <tamen> suppleuit",fortuitae dimicationi fortunae rem committere maluit,M U S V,,,fortunae rem committere noluit,T,,(cf. Liu. 9.12.11),futurae dimicationi fortunae rem committere maluit,ς,,"teste Oudendorp (de genitiuo u. TLL 5.1.1197.21-34, et de adiectiuo cf. BC 1.52.1)",futurae dimicationi fortunae <tamen quam fugae> rem committere maluit,,Kübler,(sed cf. BC 1.72.3 et u. TLL 8.201.78-202.8),,,,,,,,,,,,,,,
,46,2,contra illo remigante,M,,(cf. BG 7.28.1 contra ueniretur),contra illum remigantem,S V,,,contra illo remigantem,U T,,,,,,,,,,,,,,,,,,,,,,,,,
,46,3,nam cum,M U S,,,nautum,T V,,,,,,,,,,,,,,,,,,,,,,,,,,,,,
,46,4,erant Vatiniani,M U S,,,Vatiniani,T V,,,,,,,,,,,,,,,,,,,,,,,,,,,,,
,46,4,dubitabant,U S T V,,et M supra lineam,dubitarent,M,,,,,,,,,,,,,,,,,,,,,,,,,,,,,
◊,47,2,ex,M U S T V,,(cf. BAfr 40.5),[ex],,Schneider,coll. 16.6,,,,,,,,,,,,,,,,,,,,,,,,,,,
,47,2,penterem,,Stephanus,(cf. BAfr 62.5),penteremem,M U S T V,,,,,,,,,,,,,,,,,,,,,,,,,,,,,
,47,2,remiges Octauianos,M U S T V,,(cf. 16.6),celoces Octauianas,,Stadler,(cf. Liu. 21.17.5),,,,,,,,,,,,,,,,,,,,,,,,,,,
,47,2,die,M U S T V,,,die fuit,ed.pr.,,(cf. BAfr 89.3),,,,,,,,,,,,,,,,,,,,,,,,,,,
,47,2,consumpto post,ς ,,teste Oudendorp (cf. 66.1),post,M U S T V,,,,,,,,,,,,,,,,,,,,,,,,,,,,,
,47,3,ea,M,,,eum,U S T V,,,,,,,,,,,,,,,,,,,,,,,,,,,,,
,48,1,Q. Cassius,M U,,(u. BC 2.21.4),quae cassius,T V ,,,cassius,S,,,,,,,,,,,,,,,,,,,,,,,,omission in S,
,48,1,quod (sc. odium) uel,ed.pr.,,,quo uel,M U S T V,,,,,,,,,,,,,,,,,,,,,,,,,,,,,
,48,1,multis,U T V,,(cf. Cic. Caec. 104),mutis,M ,,feliciter (u. TLL 8.1735.23-62 'tacent res ... inanimae'),mutus,S,,,,,,,,,,,,,,,,,,,,,,,,,
,48,1,dissimulabant,ς ,,teste Clarke,dissimulant,M U S T V,,", quod defendit Dübner ('de genere hominum loquitur') ",,,,,,,,,,,,,,,,,,,,,,,,,an dissimularent?,,
,48,1,animaduertere,M,,,animum auertere,U S T V,,,,,,,,,,,,,,,,,,,,,,,,,,,,,
,48,2,conduxit sestertios centenos,,Jungermann,compendio HS indicato (cf. Hirt. 8.4.1 et u. infra),conduxit sestertios centum,M U,,ut uidetur per compendia,conduxit seste R C,S Tac,,compendiis indicatis,conduxit se R C,Tc,,,conduxisset romanus cassius,V,,,,,,,,,,,,,,,,,
,48,2,"post, cum",,Vascosanus,(cf. BC 3.65.2),postquam,M U S T V,,", quod defendit Landgraf 1889 coll. BAfr 40.5, 50.3, 91.3
",,,,,,,,,,,,,,,,,,,,,,,,,,,
,48,2,in Lusitania Medobrigam,,Ciacconius,(u. infra),in lusitania medobregam,M U S,,,illusit aniamedo brigam,T V,,,,,,,,,,,,,,,,,,,,,,,an in Lusitania Medubrigam (cf. CIL II.760 et Plin. Nat. 4.118)?,,
,48,2,Medobrigenses,M U S T V,,,,,,,,,,,,,,,,,,,,,,,,,,,,,,,an Medubrigenses (u. supra)?,,
,48,2,esset appellatus,M U,,,appellatus,S T V,,,,,,,,,,,,,,,,,,,,,,,,,,,,omission in STV,
,48,2,sestertiis centenis,ς,,teste Oudendorp (de corruptela u. supra et ad 55.5),ihs c,M U T,,compendio indicato,Iterum ihs c ,S,,compendio indicato,ihc cesar,V,,compendio indicato,,,,,,,,,,,,,,,,,,,
,48,3,minuebat (sc. Cassius),M U S T V,,(cf. 8.1),minuebant (sc. praemia),ed.pr.,,(cf. BG 7.30.3),,,,,,,,,,,,,,,,,,,,,,,,,,,
◊,49,1,hiberna,U,,(cf. BC 1.14.3),hibernia,M T V,,,ibernia,S,,,,,,,,,,,,,,,,,,,,,,,,,
,49,1,in ea (sc. prouincia),M U S T V,,(de prolepsi cf. 12.2 eas),antea (uel alea) ,,Madvig," (cf. Cic. Rab. Post. 4 et, de ablatiuo, u. TLL 4.762.81-763.1)",ingens,,Jurinius,(‘magnum ... fuisse patet ex duobus donatiuis’; cf. Sal. Cat. 16.4),"interea (i.e., inter ius dicendum)",,Menge,,,,,,,,,,,,,,,,,,,,
◊,49,2,simul et,,Latinius,(cf. Liu. 2.6.10),simultatium,M U S T V,,(cf. BG 5.44.2),simulationis,,Schneider,", qui causa legit infra (cf. Cic. Att. 12.20.1 dissimulationis)",,,,,,,,,,,,,,,,,,,,,,,
,49,2,causae,M U,,(cf. Cic. Orat. 124),causa,S T V,,(u. et supra et infra),,,,,,,,,,,,,,,,,,,,,,,,,,,
,49,2,coiciebantur,M U S T V,,(cf. XII Tab. apud Gell. 17.2.10),conciebantur,,Landgraf,"1888, qui causa legit supra, coll. Pollione apud Cic. Fam. 10.33.4",,,,,,,,,,,,,,,,,,,,,,,,,,,
,49,2,quaestus,M U S,,,quaestius,T V,,,quaestuis,,Klotz,,,,,,,,,,,,,,,,,,,,,,,,
,49,3,quin,S,,(cf. 15.8),qui,M U T V,,,,,,,,,,,,,,,,,,,,,,,,,,,,,
,50,2,referebant,M U T V,,,ferebant,S,,", quod defendit Klotz coll. Sen. Ep. 78.3",,,,,,,,,,,,,,,,,,,,,,,,,,,
,50,3,nouam conscribit,M U S,,,nouam scribit,V,,,adscribit nouam,Tac,,,nouam conscribit,Tc,,,,,,,,,,,,,,,,,,,,,
,50,3,legionis,M U S,,,legiones,T V,,,,,,,,,,,,,,,,,,,,,,,,,,,,,
,51,1,maioraque,M U,,(cf. 56.4 et BC 2.17.4),maturaque,S T V,,(cf. Fron. Aq. 117.2),,,,,,,,,,,,,,,,,,,,,,,,,,,
,51,2,uoluntate,M U S T V,,(u. 51.4 et TLL 7.1.1929.23-34 'de eis quae non solent esse uel reperiri'),uoluptate,,Manutius,(cf. Suet. Cal. 54.1 et Curt. 4.6.26),,,,,,,,,,,,,,,,,,,,,,,,,,,
,51,3,Lusitaniam,ς,,teste Oudendorp,lusitania,M U S T V,,,,,,,,,,,,,,,,,,,,,,,,,,,,,
,51,3,"pecuniaeque describerentur atque imperarentur, ne",M U S T,,,ne,V,,", qui uerba 4 omisit",,,,,,,,,,,,,,,,,,,,,,,,,,omission in V (uerba 4),
,51,3,describerentur,M U S T,,(deest V; de orthographia u. TLL 5.1.663.39-46),discriberentur,ς,,teste Dübner,,,,,,,,,,,,,,,,,,,,,,,,,,,
,51,4,deerat,M U,,,de ea,S T V,,,,,,,,,,,,,,,,,,,,,,,,,,,,,
,52,1,sestertios centenos,,Oudendorp,coll. 48.2,sestertios,M U S V,,,sestertior,T,,,,,,,,,,,,,,,,,,,,,,,,,
,52,1,Hispania,ς,,teste Oudendorp,hispaniam,M U S T V,,,,,,,,,,,,,,,,,,,,,,,,,,,,,
,52,2,tradit,Mc U S,,,tradidit,Mac T V,,,,,,,,,,,,,,,,,,,,,,,,,,,,,
,52,2,auersum (sc. Cassium),,Oudendorp,(uel conuersum; cf. Nep. Dat. 11 uel Apul. Met. 2.13),uersum,S T,,,usum,V,,,uerso,M U,,,,,,,,,,,,,,,,,,,,,
,52,3,uniuersis,M U S,,,uniuersus,T V,,,,,,,,,,,,,,,,,,,,,,,,,,,,,
,52,4,ibi T. Vasius,U,,et Mmr,ibi tuasius,M T V,,,ibit uasius,S,,,,,,,,,,,,,,,,,,,,,,,,,
,52,4,Mercello,,Hübner,coll. CIL II.2226 (u. et ad 55.3),mergelio,S,,,mergilio,M U T V,,,,,,,,,,,,,,,,,,,,,,,,,
,52,4,at ipsum Longinum L. Licinius Squillus inuolat,S,,(cf. Apul. Met. 2.32),ad ipsum longinum l licinius squillus inuolat,Mc U T,,,ad idsum longinum l licinius squillus inuolat,Mac,,,ad longinum l lucinius quibus inuolat,V,,,,,,,,,,,,,,,,,,,nisi mauis ad ipsum Longinum L. Licinius Squillus aduolat (cf. BG 5.17.2),,
,53,1,Berones,M U S T V,,(cf. Str. 3.4.12),centuriones,,Fleischer,1879 coll. Sall. Cat. 59.3 (u. et 53.5 omni prouincia),,,,,,,,,,,,,,,,,,,,,,,,,,,
,53,2,ceteri,M U Vc,,,ceteris,S T Vac,,,,,,,,,,,,,,,,,,,,,,,,,,,,,
,53,2,Tusculus,M U T,,,tisculus,S,,,tuculus,V,,,,,,,,,,,,,,,,,,,,,,,,,
,53,3,itinere fugiens,M U S,,,itinere refugiens,T V,,,,,,,,,,,,,,,,,,,,,,,,,,,,,
,53,4,Laterensis,M U S T V,,(de nomenclatura cf. 31.1 Carfulenum et 57.4 Marcellum),<L.> Laterensis,ς,,"teste Klotz, fortasse recte (u. 55.2)",,,,,,,,,,,,,,,,,,,,,,,,,,,
,53,4,militibusque,Mmr,,(cf. BC 1.18.3),a militibusque,M U S T V,,(u. TLL 6.2.2252.37-43 '?gratulo'),,,,,,,,,,,,,,,,,,,,,,,,,,,
,53,5,ut,,Nipperdey,,aut,M U S T V,,,,,,,,,,,,,,,,,,,,,,,,,,,,,
,53,5,legionis,M S,,,legiones,U T V,,,,,,,,,,,,,,,,,,,,,,,,,,,,,
,53,5,legionem,M U S V,,,legiones,T,,per compendium ut uidetur,,,,,,,,,,,,,,,,,,,,,,,,,,,
,54,3,indicaretur,M U T V,,(u. TLL 7.1.1156.9-17),indicaret,S,,,iudicaretur,ς,,teste Oudendorp fortasse recte (cf. Hirt. 8.13.4),,,,,,,,,,,,,,,,,,,,,,,
,55,1,legionem quintam in castra remittit,ed.pr.,,,legiones V in castra remittit,M U S T V,,,legiones [V] in castra remittit <V>,,Kübler,dubitanter coll. 57.2,,,,,,,,,,,,,,,,,,,,,nisi mauis legiones [V] in castra remittit (u. et infra),,
,55,1,"cohortibus XXX (sc. legionum tricesimae, unetuicesmae, et secundae)",M U S T V,,,,,,,,,,,,,,,,,,,,,,,,,,,,,,,"an cohortibus tricesimae (sc. legionis) (u. 54.2 et cf. BG 7.87.1, et u. supra)?",,
,55,2,Minuci(i),U S,,(u. 53.3),munitii,M,,,minici,T V,,,,,,,,,,,,,,,,,,,,,,,,,
,55,3,Minucium,ς,,teste Nipperdey,municium,M U S V,,,minitium,T,,,,,,,,,,,,,,,,,,,,,,,,,
,55,3,indicium,ed.pr.,,(cf. Sal. Jug. 35.6),indictum,M U S T V,,,,,,,,,,,,,,,,,,,,,,,,,,,,,
,55,3,isdem,M U,,,idem,S T V,,,,,,,,,,,,,,,,,,,,,,,,,,,,,
,55,3,adfectus,S T V,,,a(d/f)fecit,M U,,,,,,,,,,,,,,,,,,,,,,,,,,,,,
,55,3,Mercello,,Hübner,coll. CIL II.2226 (u. et ad 52.4),Mercelio,S,,,Mercellio,M U T V,,,,,,,,,,,,,,,,,,,,,,,,,
,55,4,nam palam HS LX cum,,Glandorpius,coll. V. Max. 9.4.2 sexagies,nam palam shi X cum,M U S T,,compendiis indicatis,,V,,relicto inter palam et cum spatio septem litterarum,,,,,,,,,,,,,,,,,,,,,,omission in V,
,55,5,Q. Sestio,M U T V,,,quae sensio,S,,per compendium,Squillo,,Klotz,ex 55.4 fortasse recte,,,,,,,,,,,,,,,,,,,,,,,
,55,5,qui si,M U S T V,,,quod si,,Schneider,coll. 8.2,,,,,,,,,,,,,,,,,,,,,,,,,,,
,56,2,dolore,S T V,,(cf. Cic. Rep. 2.1 grauitate),dolori,M U,,(cf. Vell. 2.5.3 timori),,,,,,,,,,,,,,,,,,,,,,,,,,,
,56,2,temporum,M U S T V,,(cf. BC 3.20.3),<superiorum> temporum,,Fleischer,1878 coll. BC 1.51.3,imperiorum,,Schneider,coll. BC 3.32.4,,,,,,,,,,,,,,,,,,,,,,,
,56,2,animus,M U S V,,(cf. BC 2.34.6),animis,T,,,animi,,Scaliger,(cf. Curt. 4.13.3),,,,,,,,,,,,,,,,,,,,,,,
,56,2,timere,ς,,teste Nipperdey (cf. Liu. 38.28.5),timeret,M U S T V,,,,,,,quem autem Romae,ed.pr.,,,quem autem Romanorum,,Clarke,,aequa autem ratione,,Scaliger,(u. uectigal infra),,,,,,,,,alii alia,,
,56,4,equitum autem Romanorum,ς,,teste Clarke (cf. BC 1.30.4),aeque autem romae,M U S V,,,aeque autem romi,T,,,,,,,,,,,,,,,,,,,,,,,,,
,56,4,conscriptos,M U S T V,,,conscriptos <habebat>,ς,,teste Clarke (cf. 34.4),,,,,,,,,,,,,,,,,,,,,,,,,,,
,56,4,creabat,U S T,,,credebat,M V,,,,,,,,,,,,,,,,,,,,,,,,,,,,,
,56,5,totum,ed.pr.,,,notum,M U S T V,,,nouum,,Ursinus,(cf. Cic. Fam. 11.7.3),,,,,,,,,,,,,,,,,,,,,,,
,56,5,in Africam,,Aldus,1574 (u. 51.1 et cf. BG 4.38.3 in ... fines),in Africa ,M U S T V,,,,,,,,,,,,,,,,,,,,,,,,,,,,,
,56,5,auxilia,M U S,,,auxilium,Tac,,,ad auxilium,Tc,,,ad auxilia,V,,,,,,,,,,,,,,,,,,,,,
,56,6,ut quibus,M U,,(cf. BC 3.102.2),quibus,S T V,,,,,,,,,,,,,,,,,,,,,,,,,,,,,
,57,1,eam a,,Jurinius,,fama,M U S T V,,(cf. Cic. Fam. 12.4.2),,,,,,,,,,,,,,,,,,,,,,,,,,,
,57,1,quam Q. Cassius,M U Vc,,,quamque cassius,S,,,quintus cassius,Vac,,et T per compendium,,,,,,,,,,,,,,,,,,,,,,,
,57,1,Leptim,M U S T V,,(u. Talbert 2000),Ilipam,,Glandorpius,coll. Str. 3.2.2,,,,,,,,,,,,,,,,,,,,,,,,,alii alia,,
,57,1,ducebatur,M U S,,(cf. BC 1.68.1),deducebatur,T V,,(cf. Hirt. 8.46.4),adducebatur,,J. Simons,(cf. 25.1 et 58.1),,,,,,,,,,,,,,,,,,,,,,,
,57,2,"unetuicesimanorum (i.e., XXImanorum)",,Lipsius,"(u. 53.5, 54.2, 57.3 et cf. Tac. Ann. 1.31.3)",undeui(n)ce(n)simanorum,M U S T V,,,,,,,,,,,,,,,,,,,,,,,,,,,,,
,57,2,†noctu†,,scripsimus,", ut uerbum iteratum ex 57.2 supra (de uerborum ordine cf. BC 3.22.3)",noctu,M U S T V,,,[noctu],ed.pr.,,(de usu absoluto cf. BC 3.67.4),Naeuam,,Schneider,(cf. Plin. Nat. 3.11),,,,,,,,,,,,,,,,,,,
,57,2,Carmonem,,Nipperdey,(Carmonam iam Rhellicanus; u. Str. 3.2.2 et ad 64.1),carbonem,M U S T V,,,,,,,,,,,,,,,,,,,,,,,,,,,,,
,57,3,legio,M U T V,,,legiones,S,,,,,,,,,,,,,,,,,,,,,,,,,,,,,
,57,3,ad secundam,M U T V,,,ad secundam legionem,S,,,ad secundam <ad Vliam>,,Schneider,dubitanter,,,,,,,,,,,,,,,,,,,,,,,
,57,3,†in† Torium,,scripsimus,(de orthographia u. CIL II.3270 et ad 58.1),intorium,M U T V,,,Titum Torium,S,,per compendium,M. Torium,ς,,teste Nipperdey,,,,,,,,,,,,,,,,,,,
,57,3,Italicensem,M U S,,,italicensum,T V,,,,,,,,,,,,,,,,,,,,,,,,,,,,,
,57,4,Marcellum quaestorem,,Forchhammer,", qui et <M.> ante Marcellum suppleuit coll. D.C. 42.15.5 (u. 59.1, sed de nomenclatura u. et ad 53.4)",Marcellumque,M U S T V,,ex 57.5?,,,,,,,,,,,,,,,,,,,,,,,,,,,
,57,5,adductum,,Oudendorp,(u. ad 35.2),abductum,M U S T V,,,,,,,,,,,,,,,,,,,,,,,,,,,,,
,57,6,Singiliense,,Nipperdey,(cf. Plin. Nat. 3.12 Singilis fluuius),Siciliense,M U S T,,,Siciliensem,V,,,,,,,,,,,,,,,,,,,,,,,,,
,58,1,Torius,ς,,teste Dübner,thorius,M U S T V,,,,,,,,,,,,,,,,,,,,,,,,,,,,,
,58,1,ueteres,M U,,(cf. BC 3.101.5),ueterem,S T V,,,ueteranas,,J. Simons,(u. 53.5 et cf. 61.1),,,,,,,,,,,,,,,,,,,,,,,
,58,2,erat,M U S T V,,,erit,,Madvig,1873 coll. Liu. 4.20.8 ,est,,Schneider,coll. Liu. 23.47.8,,,,,,,,,,,,,,,,,,,,,alii alia,,
,58,2,sed id qua mente communis erat coniectura,M U S T V,,,,,,,,,,,,,,,,,,,,,,,,,,,,,,,post dictitabat transposuit Landgraf 1889,,transposition
,58,2,sed id qua mente communis erat coniectura. Certe hoc prae se Torius ferebat,M U S T V,,,,,,,,,,,,,,,,,,,,,,,,,,,,,,,post dictitabat transposuit Klotz 'ut uerba milites adeo fatebantur (sc. amorem Pompei) suam habeant uim' sed cf. 57.6,,transposition
,58,2,Torius,ς,,teste Andrieu,thorius,M U S T V,,,,,,,,,,,,,,,,,,,,,,,,,,,,,
,58,3,inscriptum,U S T,,(u. D.C. 42.15.5 et cf. BHisp 13.3),scriptum,M V,,,,,,,,,,,,,,,,,,,,,,,,,,,,,
,58,4,Frequens legionibus conuentus obuiam prodit—neque tantum uirorum sed etiam matrum familias ac praetextatorum—deprecaturque ne hostili aduentu Cordubam diriperent: nam,M U S T,,uocibus hic et illic leuiter mutatis (u. infra),nam,V,,", qui uerba 20 omisit
",,,,,,,,,,,,,,,,,,,,,,,,,,omission in V (uerba 20),
,58,4,deprecaturque,M U,,,deprecatur quae,T,,"(deest V, u. supra)",deprecatur,S,,,,,,,,,,,,,,,,,,,,,,,,,
,59,1,esse1,V,,,esset,M U S T,,,,,,,,,,,,,,,,,,,,,,,,,,,,,superscript in lemma
,59,1,tamque,M U,,,ta(m/n)quam,S T V,,,,,,,,,,,,,,,,,,,,,,,,,,,,,
,59,1,"posse perducere, nomen Pompei ex scutis detraxerunt, Marcellum, qui se Caesaris causam defensurum",M U S T,,uocibus hic et illic leuiter mutatis (u. infra),defensurum,V,,", qui uerba 12 omisit",,,,,,,,,,,,,,,,,,,,,,,,,,omission in V (uerba 12),
,59,1,detraxerunt,M U S T,,"(deest V), quod defendit Kübler coll. Dig. 3.2.2.2",deterserunt,,Menge,coll. D.C. 42.15.5 ἀπήλειψεν,,,,,,,,,,,,,,,,,,,,,,,,,,,
,59,2,prouinciaeque,M U,,,prouinciaque,S T V,,,,,,,,,,,,,,,,,,,,,,,,,,,,,
,59,2,uastat,M U,,(cf. BG 3.29.3 etc.) ,uastata,S T V,,,,,,,,,,,,,,,,,,,,,,,,,,,,,
,60,1,concurrerunt ut in aciem educerentur,M U T V,,(cf. BC 1.71.2),concurrerunt ut in aciem educerentur orant,S,,(de uerborum ordine cf. 58.4),,,,,,,,,,,,,,,,,,,,,,,,,nisi mauis concurrerunt. <Orant> ut in aciem educerentur (de asyndeto cf. BC 2.12.3),,
,60,1,carissimaeque,M U S T V,,(cf. BG 5.33.6 et u. TLL 3.505.60-65),clarissimaeque,,Keil,teste Klotz (u. TLL 3.502.48),feracissimaeque,,Cornelissen,52 coll. BG 2.4.6,,,,,,,,,,,,,,,,,,,,,,,
◊,60,2,uictoris,M U,,,uictores,S T V,,,,,,,,,,,,,,,,,,,,,,,,,,,,,
,60,2,esset2,M U S T V,,,esse,ς,,teste Oudendorp (u. TLL 10.2.308.24-27 et 10.2.318.13-15),esset <gap>,,Larsen,,esset <uetare uel prohibere>,,Ciacconius,,esset <receptus>,,Reinhardt ,exempli gratia (cf. BC 1.45.6),,,,,,,,,,,,,alii alia,,"superscript in lemma, lacuna in emendation"
,60,3,"animaduerteret, causa",,Reinhardt,(cf. 35.2 etc.),causa,M U T V,,,uideret causa,S,,(cf. 30.2 etc.),,,,,,,,,,,,,,,,,,,,,,omission in MUTV,
,60,4,infirmum,M T V,,,infirmem,U S,,(de formis tertii ordinis u. TLL 7.1.1441.14-40),,,,,,,,,,,,,,,,,,,,,,,,,,,
,60,4,esse,Uac S T V,,,eum,M Uc,,,,,,,,,,,,,,,,,,,,,,,,,,,,,
,60,5,quid,M S T,,,qui,U,,,quod,V,,,,,,,,,,,,,,,,,,,,,,,,,
,60,5,uitii,S,,(cf. BG 7.45.9 incommodi),uti,U T V,,,usus,M,,,,,,,,,,,,,,,,,,,,,,,,,
,60,5,difficultatisque,M,,(cf. Sen. Ben. 3.8.1),difficultatesque,U S T V,,,,,,,,,,,,,,,,,,,,,,,,,,,,,
,60,5,educit,M U T,,,educunt,S,,(cf. BC 3.30.3),ducit,V,,,,,,,,,,,,,,,,,,,,,,,,,
,61,2,castris collata,,Stephanus,(cf. 61.4),castris co(n/l)locata,M U S T V,,(ex 61.5 collocatis? u. et ad BAfr 68.2 conlatis),,,,,,,,,,,,,,,,,,,,,,,,,nisi mauis <contra> castris collocata (cf. BAfr 56.1),,
,61,2,Vliam,,Ciacconius,"(de oppidi nomine u. Plin. Nat. 3.10.2, D.C. 43.32.3-6) ",ullam,M U S T V,,,,,,,,,,,,,,,,,,,,,,,,,,,,,
,61,3,ut et loci natura-namque Vlia in edito monte posita est-et,,Manutius,"(cf. BG 7.14.9 et, de coniunctionibus, 5.57.1)",ut est loci natura namque ulla in edito monte posita est ut,M U S T,,,ut loci est natura namque ulla in edito monte posita est ut ,V,,,,,,,,,,,,,,,,,,,,,,,,,
,61,3,Vlia,,Ciacconius,(u. supra),ulla,M U S T V,,,,,,,,,,,,,,,,,,,,,,,,,,,,,this lemma overlaps with preceding lemma
,61,3,ab oppugnatione,M U S,,,ad oppugnatione,T,,,ad oppugnationem,V,,,,,,,,,,,,,,,,,,,,,,,,,
,61,4,Vliam,,Ciacconius,(u. supra),ullam,M U S T V,,,,,,,,,,,,,,,,,,,,,,,,,,,,,
,61,4,adductus,,scripsimus,(cf. 71.2 et u. ad 35.2 et 57.5) ,edoctus,S T V,,,eductus,M U,,,deductus,,Nipperdey,(cf. BHisp 41.6 necessario),,,,,,,,,,,,,,,,,nisi mauis coactus (cf. Hirt. 8.43.5),,
,61,4,confligeret,M U,,,confligere,S T V,,,,,,,,,,,,,,,,,,,,,,,,,,,,,
,61,4,latius,U S T V,,et M supra lineam (cf. BG 5.19.2),longius,M,,,,,,,,,,,,,,,,,,,,,,,,,,,,,
,61,4,passi,M,,,pass(a)e ,U S T V,,,,,,,,,,,,,,,,,,,,,,,,,,,,,
,61,5,Vliam,,Ciacconius,(u. supra),ullam,M U S T V,,,,,,,,,,,,,,,,,,,,,,,,,,,,,
,61,6,sibi usui,M U T V,,(cf. BC 2.15.3),Marcus (per compendium) sibi usu,S,,(de orthographia u. Gel. 4.16.8-9),<magno> sibi usui,,Oudendorp,fortasse recte (cf. BG 4.20.2 etc. et BC 2.17.4 magna ... magna) ,,,,,,,,,,,,,,,,,,,,,,,
,62,1,paucis diebus q,S,,ex 58.1? (cf. 66.1),paucis diebusque,M U,,,paucisque diebus,T,,(cf. Cic. Div. 1.53),paucis diebus,V,,non male,,,,,,,,,,,,,,,,,,,
,62,1,ei legioni,,Jurinius,(cf. 34.4 et u. infra),ei legionem,M U S T V,,"per compendia, sensu repugnante (u. 62.2)",,,,,,,,,,,,,,,,,,,,,,,,,,,
,62,1,complures,,Jurinius,(u. supra),compluresque,M U S T V,,,,,,,,,,,,,,,,,,,,,,,,,,,,,
,62,1,auxiliares,,scripsimus,(cf. BC 1.63.1),auxiliariis,M U T V,,,auxiliarias,S,,(cf. Hirt. 8.5.3 auxiliarios pedites et u. TLL 2.1615.28-42),,,,,,,,,,,,,,,,,,,,,,,
,62,2,Marcello fauebant,M U,,(cf. Cic. Fam. 2.15.3 Curioni),Marcellum fouebant,S T V,,(cf. Tac. Hist. 4.17.5),,,,,,,,,,,,,,,,,,,,,,,,,an Marcelli (sc. rebus studebant) (cf. BC 1.28.1 Caesaris rebus)?,,
,62,2,utrumque,M U,,,utrimque,S T V,,,,,,,,,,,,,,,,,,,,,,,,,,,,,
,62,2,transferente,M Uc,,,transferentem,Uc S T V,,,,,,,,,,,,,,,,,,,,,,,,,,,,,
◊,63,5,prope iam,M U S T V,,(cf. BG 3.3.3),prope etiam,,Credo,(cf. BG 6.11.2 paene etiam),,,,,,,,,,,,,,,,,,,,,,,,,,,
,63,5,iam constituta opera <cum>,,Aldus,(u. 61.6 et cf. BG 2.12.5 turribus ... constitutis),iam constituta opera,M U S T V,,,iam <pace> constituta opera <cum>,,Nipperdey,(cf. Cic. Q. fr. 1.1.25),iam constituta <pace cum> opera,,Castiglioni,,iam constituta <die (uel prouincia) cum> opera,,Damon,"exempli gratia (cf. BG 1.4.2 etc., 65.1)",,,,,,,,,,,,,,omission in M U S T V,
,63,5,complanarent (sc. Lepidus Marcellusque) ,M U S T V,,(cf. Sen. Dial. 1.5.9),complanarentur,,Kübler,dubitanter (cf. Cic. Dom. 101 domus),,,,,,,,,,,,,,,,,,,,,,,,,,,
,64,1,Carmonem,,Hübner,(Carmonam iam Glandorp coll. Liu. 33.21.8; u. et ad 57.2),Narbonem,M S V,,,Narbonam,U T,,,,,,,,,,,,,,,,,,,,,,,,,
,64,2,obtinendam uenit,S,,(cf. 18.2),obtinendam,M U T V,,,obtinendam mittitur,,Damon,exempli gratia (cf. BC 1.43.4 et 1.85.9),,,,,,,,,,,,,,,,,,,,,,omission in M U T V,
,64,2,nau(e/i)s,M U S T,,et V in rasura,nauem,,Schneider,coll. 64.3 ,,,,,,,,,,,,,,,,,,,,,,,,,,,
,64,3,cum <in>,ed.pr.,,(cf. BG 1.8.1),cum,M U S T V,,,,,,,,,,,,,,,,,,,,,,,,,,,,omission in M U S T V, 
,64,3,nihilo,S,,(cf. 25.1),ni(c)hil,M U T V,,,,,,,,,,,,,,,,,,,,,,,,,,,,,
,64,3,derectam,M U T V,,"(cf. BAfr 26.4 et u. TLL 5.1.1253.3-30 'de motu et eis, quae moventur')",in|directam,S,,,in directum,ς,,"teste Oudendorp, quod defendit Landgraf 1889 coll. Liu. 22.47.3 ",,,,,,,,,,,,,,,,,,,,,,,
,65,1,rei,M V,,,re,U S T,,(de orthographia u. LHS §361.3),,,,,,,,,,,,,,,,,,,,,,,,,,,
,65,1,commode geri,M U S,,,commoda egeri,T V,,,,,,,,,,,,,,,,,,,,,,,,,,,,,
,65,1,orirentur,S V,,(de formis u. TLL 9.2.991.53-992.6),orerentur,M U T,,,,,,,,,,,,,,,,,,,,,,,,,,,,,
,65,1,indiligentia,M U S T V,,(cf. BG 7.17.3 et 2.32.2 indiligentius),indulgentia,ς,,teste Nipperdey (cf. BG 7.63.8),,,,,,,,,,,,,,,,,,,,,,,,,,,
,65,2,(h)eae,M U S,,,hae,T V,,,,,,,,,,,,,,,,,,,,,,,,,,,,,
,65,4,uiritim,M U S T V,,(cf. BG 7.71.7 et Hirt. 8.46.5),priuatim,,Schneider,coll. BC 2.21.5,,,,,,,,,,,,,,,,,,,,,,,,,,,
,65,4,finitimos,,Oudendorp,coll. BC 3.3.2,finitimosque,M U S T V,,,,,,,,,,,,,,,,,,,,,,,,,,,,,
,65,4,concurrerant,U S T,,,concurrerint,V,,,cucurrerant,M,,,,,,,,,,,,,,,,,,,,,,,,,
,65,4,populo Romano,U S T,,per compendia,rei publicae,M,,per compendium,publicae rei,V,,,,,,,,,,,,,,,,,,,,,,,,,
,66,1,legionibus,M U S T V,,(cf. 65.1),legioni,,Domaszewski,"172-173 fortasse recte (u. 34.3, App. BC 3.312, 4.250 ἓν ... καταλέλοιπει et cf. BG 5.47.2)",,,,,,,,,,,,,,,,,,,,,,,,,nisi mauis legioni XXXVIII (cf. BG 5.53.6 et u. Domaszewski loc. cit.),,
,66,1,praefecit,Mac U T V,,,praeficit,Mc S,,non male,,,,,,,,,,,,,,,,,,,,,,,,,,,
,66,2,fortissimumque,M U S T V,,"(u. ad 19.2 et TLL 6.1.1157.65-1158.58 'de soliditate rerum durarum, non mobilium')",fertilissimumque,,Schneider,coll. 3.1,florentissimumque,,Müller,(cf. BG 4.3.3 ciuitas ... florens) ,,,,,,,,,,,,,,,,,,,,,,,
,66,3,cupiditate,M U S T V,,(cf. 20.2),cupiditatem,,Schiller,1889 coll. 55.2,,,,,,,,,,,,,,,,,,,,,,,,,,,
◊,66,3,Comana (sc. Cappadociae? uel Pontica?) <gap>,,Kübler,dubitanter (u. Gaertner-Hausburg 91 n. 65),Comana,M U S T V,,", quod defendit Madvig",<uenit> Comana,ς,,teste Dübner,Comana <uenit>,,Nipperdey,,Comana <ut confirmarentur et>,,Damon,"exempli gratia (cf. BC 1.29.3 Hispanias et, de coniunctione postposita, 45.3 et 56.6)",Comana <cum dissensionibus essent confecta et repeteretur>,,Damon,"exempli gratia (cf. 42.2 et u., de re, u. 66.4, de coniunctione postposita, Gaertner-Hausburg 36-39)",,,,,,,,,,,a complicated and inelegant note
,66,3,maiestate imperio,ed.pr.,,(cf. BC 3.106.4 et Sal. Cat. 12.1),magis imperio,M U S T V,,,,,,,,,,,,,,,,,,,,,,,,,,,"nisi mauis magis imperio <quam> (cf. 15.1 et, de antithesi, Sen. Cl. 1.3)",,
,66,4,B(i/y)thino,M U S,,(u. TLL 2.2019.14-31),bithinio,T V,,(u. TLL 2.2019.57-63),,,,,,,,,,,,,,,,,,,,,,,,,,,
,66,4,Cappadocum genere,M U Tc V,,,cappado cum genere,S,,,cappadociae cum genere,Tac,,,,,,,,,,,,,,,,,,,,,,,,,
,66,4,"iure minime dubio, uetustate tamen",M U S T V,,,,,,,,,,,,,,,,,,,,,,,,,,,,,,,post ortus transposuit Schiller 1889 coll. Flor. Epit. 3.13.7,,transposition
,66,4,sacerdotium,T V,,,sacerdotum,S,,,sacerdotio,M U,,,,,,,,,,,,,,,,,,,,,,,,,
,66,5,terreret <gap> Ariobarzani ,,Nipperdey,", qui Ariobarzanen, partem Armeniae minoris concessit eumque suppleuit coll. de re D.C. 41.63.3, 42.48.3 (de locutione cf. BG 7.9.6)",terreret Ariobarzani,M U S T V,,,,,,,,,,,,,,,,,,,,,,,,,,,,,"lacuna in lemma i.e., omission in M U S T V"
,66,5,inceptum,M U V,,(cf. BAfr 75.6),coeptum,S T,,(cf. BAfr 69.4),,,,,,,,,,,,,,,,,,,,,,,,,,,
,67,1,tetrarches,Mc V,,ex 68.1 tetrarcharum? (u. et infra),tetriarches,T,,,tetharces,Mac U,,,thetarces,S,,,,,,,,,,,,,,,,,,,,,
,67,1,gallogr(a)e(c/t)iae2,M Uc T V,,,gallogecie,Uac,,,gallograe,S,,,,,,,,,,,,,,,,,,,,,,,,,superscript in lemma
,67,1,tet(h)rarchae,Mc T V,,(u. et supra),tetharc(a)e,Mac U S,,,,,,,,,,,,,,,,,,,,,,,,,,,,,
,67,1,regiis,ς,,teste Dübner (cf. 68.2),regis,M U S T,,(cf. Tac. Hist. 2.58.2),regibus,V,,,,,,,,,,,,,,,,,,,,,,,,,
,67,1,tantum,ς,,teste Dübner,tanto,M U S T V,,,,,,,,,,,,,,,,,,,,,,,,,,,,,
◊,67,1,Caesaris,M U S T V,,,<in> Caesaris,,Cornelissen,(cf. 23.1 et u. infra),,,,,,,,,,,,,,,,,,,,,,,,,,,
,67,1,<et coactus> exercitibus imperiisque,,Bensch-Schaus,(cf. 43.1; <coactus> iam Hoffmann 1890),exercitibus imperiisque,M U S T V,,,excitusque imperiis,,Markland,(cf. BHisp 4.4),excitus imperiis,,Kraner,,excitus uerbis imperiisque,,Madvig,,excitus precibus imperiisque,,Larsen,coll. Cic. Deiot. 13,<coercitus> exercitibus imperiisque,,Dinter,(cf. 33.4 et BC 1.67.4),exercitibus imperiisque <aduersariorum coactus>,,Klotz,", Cornelissen secutus (u. supra) ",nisi mauis <et coactus> potestatibus imperiisque (cf. Cic. Leg. 1.23),omission in M U S T V,
,67,1,"imperiisque, in",M Uc S T V,,,imperiisque,Uac,,,,,,,,,,,,,,,,,,,,,,,,,,,,,
,67,2,se debuisse iudicem,Mc U T,,,se buisse iudicem,Mac,,,se iudicem debuisse,S,,,se diebus se iudicem,V,,,,,,,,,,,,,,,,,,,,,
,67,2,controuersiarum populi Romani ,U S T ,,per compendia,controuersiarum,M,,,controuersiarum publicarum rerum,V,,,,,,,,,,,,,,,,,,,,,,,,,
◊,68,1,defensionem eius,M Uc S T V,,,defensonem eius,Uac,,,defectionem eius,ς,,teste Dübner (cf. BG 7.67.7),[defensionem eius],,Dauisius,"1727 ut glossema ad excusationem (u. et infra), sed cf. de pleonasmo Cic. Rab. Post. 27 Rufum necessitatis excusatio defendet",,,,,,,,,,,,,,,,,,,
,68,1,posse,M U S T V,,,posse <se>,,Dauisius,(u. supra et cf. Sen. Ben. 7.16.3),,,,,,,,,,,,,,,,,,,,,,,,,,,
,68,1,eius2,M U S T V,,(de iteratione cf. BG 1.20.5),[eius],,Clarke,,,,,,,,,,,,,,,,,,,,,,,,,,,,superscript in lemma
,68,1,quis deinde post L. Lentulum C. Marcellum consul esset,Mc,,et uocibus perpere diuisis U,quis deinde post l lentulum c marcellum consules sed,Mac,,,quis deinde post l lentulum c marcellum consules se,S,,,qui deinde post l lentulum c marcellum consules,T V,,non male,,,,,,,,,,,,,,,,,,,
,68,1,deinde,M U S T V,,,denique,,Nipperdey,(cf. BC 1.72.2),,,,,,,,,,,,,,,,,,,,,,,,,,,this lemma overlaps with the preceding one
,68,1,frequentes,M U T,,,frequenter,S V,,,,,,,,,,,,,,,,,,,,,,,,,,,,,
,68,1,concurrissent,S T V,,,concucurrissent,M Uc,,,concucurissent,Uac,,,,,,,,,,,,,,,,,,,,,,,,,
,68,2,natura,M U S,,(cf. Cic. Flac. 63),matura,T V,,,armatura,,Cuiacius,"teste Nipperdey, fortasse recte (u. 34.4 et Cic. Att. 6.1.14)",,,,,,,,,,,,,,,,,,,,,,,
,69,1,abduxerat,M U S Vc,,,abduxerant,Vac,,,adduxerat,T,,,,,,,,,,,,,,,,,,,,,,,,,
,69,1,mille,ς,,teste Dübner ,cum,M U S T V,,de compendio corrupto cf. ad BC 2.35.5,,,,,,,,,,,,,,,,,,,,,,,,,,,
,69,1,quae2,ς,,teste Andrieu ,quas,M U S T V,,,,,,,,,,,,,,,,,,,,,,,,,,,,,superscript in lemma
,69,2,a Pharnace missi,S T,,,missi a Pharnace,V,,,ab Pharnace missi,M,,,ad Pharnacem missi ,U,,,,,,,,,,,,,,,,,,,,,
,70,2,mitibus,M S Tc V,,,militibus,U Tac,,,,,,,,,,,,,,,,,,,,,,,,,,,,,
,70,2,gloriarentur,M U,,,glorientur,S T V,,,,,,,,,,,,,,,,,,,,,,,,,,,,,
,70,3,[non],,Vascosanus,,non,M U S T V,,,,,,,,,,,,,,,,,,,,,,,,,,,,,
,70,4,quamquam,,Dinter,(cf. 11.2),quam,M U S T V,,,[quam],ς,,teste Oudendorp,quin,,Nipperdey,(cf. Cic. Att. 12.43.2),,,,,,,,,,,,,,,,,,,
,70,5,itaque se,M U S,,,itaque,T V,,,,,,,,,,,,,,,,,,,,,,,,,,,,omission in TV,
,70,8,"si fecisset, iam",M U S T V,,(de usu absoluto cf. BC 1.2.6),id si fecisset iam,,Schneider,,quae si fecisset iam,,Klotz,,si fecisset haec,,Menge,125,,,,,,,,,,,,,,,,,nisi mauis si fecisset omnia (u. 71.1),,
,70,8,enim ei ,M U,,,enim,S T V,,,,,,,,,,,,,,,,,,,,,,,,,,,,omission in STV,
,71,1,praecurrentem,M U S T V,,"(u. App. BC 2.385 παροδεύων αὐτὴν [sc. Ἀσίαν]) et, de notione praetercurrendi, TLL 10.2.519.39-55)",percurrentem (sc. regionem),,Kraner,"(cf. Hirt. 8.52.1 et u., de usu absoluto, TLL 10.1.1230.62-68)",,,,,,,,,,,,,,,,,,,,,,,,,,,
,71,1,proficisceretur,S T V,,,proficisceretur existimabat,M U,,,,,,,,,,,,,,,,,,,,,,,,,,,,,
,71,1,longiorem,S T V,,(cf. BG 1.40.14),longiores (sc. pactiones?),M U,,,,,,,,,,,,,,,,,,,,,,,,,,,,,
,72,1,munitum,M U S T V,,,munito,,Nipperdey,coll. 28.3,,,,,,,,,,,,,,,,,,,,,,,,,,,
◊,72,2,huic,M,,(cf. Tac. Ann. 14.15.2),hoc,U S T V,,,,,,,,,,,,,,,,,,,,,,,,,,,,,
,72,2,multique intercisi,M U S T V,,(cf. Sen. Ep. 90.18 et BC 3.43.1),multisque intercisi,,Schneider,(cf. 61.1 et Cic. Att. 4.15.5),,,,,,,,,,,,,,,,,,,,,,,,,nisi mauis multique intercisis (cf. 73.3),,
,72,2,unus qui,M U T V,,(de anacolutho u. Damon 2015b 242),qui,S,,non male,,,,,,,,,,,,,,,,,,,,,,,,,nisi mauis unus [qui] uel unus <est> qui,,
,72,2,superioribus locis atque itineribus paene coniunctus oppido,M U S T V,,,,,,,,,,,,,,,,,,,,,,,,,,,,,,,"transposuerunt post unus Klotz dubitanter, post nobilitatem Morus dubitanter, post Zela Madvig 1.48-49 : seclusit ut glossema Vielhaber : alii alia ",,transpositions
,72,2,itineribus,M U S T V,,,<commodis> itineribus,,Klotz,(cf. BC 3.97.3),,,,,,,,,,,,,,,,,,,,,,,,,,,this lemma overlaps with that of the preceding note
,72,2,coniunctus,M U S T V,,,coniunctus <est>,,Vielhaber,Morum secutus,coniunctis,,Larsen,", qui Madvig secutus est",,,,,,,,,,,,,,,,,,,,,,,this lemma overlaps with that of an earlier note
,72,2,nec,M U S T V,,,non,,Morus,dubitanter,,,,,,,,,,,,,,,,,,,,,,,,,,,
,73,1,dubitanter,U,,,munitura,M,,,muniturus,S T,,et Vc ut uidetur,munitur,Vac,,,,,,,,,,,,,,,,,,,,,
,73,1,si modo ea loca hostes priores non cepissent,M,,(cf. BG 4.20.2),si modo ea loca hostes priores cepissent,U S T V,,,,,,,,,,,,,,,,,,,,,,,,,,,nisi mauis nisi modo ea loca hostes priores cepissent (cf. Hirt. 8.27.2 et Pl. Mil. 1166),,
,73,1,erant,M U V,,,erat,S T,,,,,,,,,,,,,,,,,,,,,,,,,,,,,
,73,2,prima luce,M U S T V,,,<profectus uel egressus> prima luce,,Larsen,"(cf. Liu. 27.42.14, Juu. 11.186)",,,,,,,,,,,,,,,,,,,,,,,,,nisi mauis [prima luce] (u. 74.1),,
,73,2,triarium,M S,,,traiarium,U T V,,,,,,,,,,,,,,,,,,,,,,,,,,,,,
,73,3,hoc,M U S,,,huc,T V,,,,,,,,,,,,,,,,,,,,,,,,,,,,,
,73,3,aggerere tum,,scripsimus,(aggerere iam Klotz; u. 74.3 et cf. BC 3.49.3),agerentur,M U S T V,,,agerent,,Schneider,coll. Pl. Men. 955 (u. TLL 7.2.580.11-16 et ad BHisp 27.4),gererent (uel gerere),,Madvig,(cf. Liu. 28.19.13),,,,,,,,,,,,,,,,,,,
,73,3,discederet,U S T V,,et M supra lineam,cessaret,M,,,,,,,,,,,,,,,,,,,,,,,,,,,,,
,73,3,passuum <mille>,ed.pr.,,(cf. BAfr 59.5),passuum,M U S T V,,,,,,,,,,,,,,,,,,,,,,,,,,,,omission in M U S T V,
,73,3,intercisa,M U S T V,,(cf. ad 72.2),intermissa,,Schneider,coll. Hirt. 8.9.2,,,,,,,,,,,,,,,,,,,,,,,,,nisi mauis intermisso (cf. BG 6.7.4),,
,73,3,incepto,M U S,,,incerto,T V,,,,,,,,,,,,,,,,,,,,,,,,,,,,,
,73,3,Caesaris castrorum,M U S T V,,,[Caesaris castrorum],,Kraner,,,,,,,,,,,,,,,,,,,,,,,,,,,,
,74,3,impulsus siue,M U S T V,,,,,,,,,,,,,,,,,,,,,,,,,,,,,,,an siue impulsus?,,
,74,3,comperta,M U S T V,,(cf. 10.3),contempta,,Fischer,coll. BG 3.2.3 et BC 3.111.1 (u. et 74.3),,,,,,,,,,,,,,,,,,,,,,,,,,,
,74,3,ueterani,,Stephanus,(cf. 4.1),ueterana,M U S T V,,,,,,,,,,,,,,,,,,,,,,,,,,,an secludendum? ('propter collocationem veterani exercitus sui haereo' Klotz),,
,74,3,quem1,S T V,,,quem cum legione,M,,,cum legione quem,U,,,,,,,,,,,,,,,,,,,,,,,,,superscript in lemma
,74,3,contemptione,,scripsimus,(cf. Hirt. 8.8.2),contemptum,M U S,,,contemptu,T V,,(cf. BG 2.30.4),,,,,,,,,,,,,,,,,,,,,,,
,74,3,praerupta ualle,M U S T V,,(cf. Sal. Jug. 50.2 monte),<in> praeruptam uallem,,Schneider,(u. ad 74.4),,,,,,,,,,,,,,,,,,,,,,,,,,,
◊,74,4,coartationem,,Brutus,(cf. Liu. 27.46.2),cohortationem,M U S T V,,,,,,,,,,,,,,,,,,,,,,,,,,,,,
,74,4,locum,ed.pr.,,,loco,M U S T V,,,,,,,,,,,,,,,,,,,,,,,,,,,,,
,74,4,hostis,M U S T V,,,[hostis] ,,Bentley,,,,,,,,,,,,,,,,,,,,,,,,,,,,
,74,4,in procliuem,,Nipperdey,"(cf. 76.1 et, de antithesi, Liu. 5.43.2)",in proelium,S T,,,in bellum ,V,,,praeruptam in proelium,U,,,in praeruptam,M,,"(u. 74.3 et cf., de antithesi, Plin. Nat. 2.174)",,,,,,,,,,,,,,,
,75,1,oppressus,S T V,,(cf. 45.4),oppressos,M U,,,,,,,,,,,,,,,,,,,,,,,,,,,,,
,75,1,operibus reuocat,,Naqvi,"(reuocat iam Jurinius, u. infra; cf. 72.3 et Hirt. 8.43.2)",operibus uocat,M U S V,,(cf. Cic. Att. 12.21.5),opere uocat,T,,,opere reuocat,,Jurinius,(cf. BC 1.82.2),,,,,,,,,,,,,,,,,,,
,75,3,confligitur,,Manutius,(cf. 60.4),confligit,M U S T V,,,,,,,,,,,,,,,,,,,,,,,,,,,,,
,75,3,adiuuante natura,M U S T V,,(de usu absoluto cf. 76.1),adiuuante <nostros> natura,,du Pontet ,(cf. 52.4),,,,,,,,,,,,,,,,,,,,,,,,,,,
,75,3,belli,,Klotz,coll. BG 5.30.3 et BC 3.72.4,bellis,M U S T V,,,bellicis ,,Stephanus,(cf. BG 6.24.3),,,,,,,,,,,,,,,,,,,,,,,
,75,3,iis <in> quibus,,Larsen,(cf. Cic. Ver. 2.3.193),(e/i)is quibus,M S,,,eius quibus,U,,ut uidetur per compendium,quibus,T V,,,,,,,,,,,,,,,,,,,nisi mauis in quibus (cf. BC 3.15.6),omission in M U S T V,
,76,1,ueterana legio sexta,U T V,,,ueterana sexta legio,M,,,ueterana religio,Sc,,,ueterata religio,Sac,,,,,,,,,,,,,,,,,,,,,
,76,1,in procliui,M U S,,"(de sensu locali cf. 74.4 et u. TLL 10.2.1537.42-54, de sensu translato cf. BC 1.48.7 et u. TLL 10.2.1538.52-62)",procliui,T V,,,in procliue,,Scaliger,(cf. Suet. Cal. 32.2 in mare),,,,,,,,,,,,,,,,,,,,,,,
,76,2,tamen,M U S T V,,(cf. 36.1),temere,,Cornelissen,,,,,,,,,,,,,,,,,,,,,,,,,,,,
,76,3,Defendentibus,M U S T V,,(cf. BC 3.95.3),deserentibus,,Lipsius,(cf. BAfr 83.4),,,,,,,,,,,,,,,,,,,,,,,,,,,
,76,3,castra quas,M U S,,,castris quas,T,,,castra quae,V,,,,,,,,,,,,,,,,,,,,,,,,,
,76,4,facultatem attulisset,M U S,,,facultatem,T,,,facultatem attribuisset,V,,,,,,,,,,,,,,,,,,,,,,,,omission in T,
,77,1,eoque uel miles quoque ,,Kübler,(cf. Cic. Fam. 10.5.2 uel 24.6),quodque,M U S T V,,(u. et infra),,,,,,,,,,,,,,,,,,,,,,,,,,,
,77,1,quod uictoria,M U S T V,,,[quod] uictoria,,Dinter,", quodque supra retinens ",,,,,,,,,,,,,,,,,,,,,,,,,,,
,77,2,equitibus,M U S T V,,(u. TLL 5.2.1623.13-26),equitibusque,,Schneider,(cf. 25.2 et u. ad 17.3),,,,,,,,,,,,,,,,,,,,,,,,,,,
,77,2,relinquit,M U V,,,reliquit,S T,,,,,,,,,,,,,,,,,,,,,,,,,,,,,
,78,2,a quo rem,,Scaliger,(cf. BAfr 77.1 et u. 26.1-28.2),quo rem,M U T V,,,quorum,S,,,,,,,,,,,,,,,,,,,,,,,,,
,78,2,quod,M U S T V,,"(u. Damon 2015, 111)",quod <regnum>,,Larsen,(cf. BG 2.29.3),,,,,,,,,,,,,,,,,,,,,,,,,,,
,78,2,muniuit,ed.pr.,,,munierat,M U S T V,,,,,,,,,,,,,,,,,,,,,,,,,,,,,
,78,3,[legibus],,Ciacconius,", ut glossema ex 67.1 legibus? (u. et 68.1)",legibus,M U S T V,,,,,,,,,,,,,,,,,,,,,,,,,,,,,
,78,3,Deiotaro,M U T V,,(de datiuo commodi u. TLL 10.2.116.38-41),a deiotaro,S,,fortasse recte (cf. 34.1),,,,,,,,,,,,,,,,,,,,,,,,,,,
